shop_id,item_id,product_name,brand,review_count,avg_rating,avg_review_len,reply_count,reply_rate
FPTShop,898365,"Máy tính xách tay Asus Vivobook Pro K3405ZF-KM086W i5-12450H/16GB/512GB/14""/RTX2050 4GB/Win11_Bạc",Xiaomi,1,,321.0,1,1.0
FPTShop,912485,Acer Nitro V Gaming ANV15-51-73UU i7 13620H,Acer,6,5.0,112.17,1,0.1667
FPTShop,913622,MSI Gaming Katana 15 B13VEK-2256VN i7-13620H,MSI,5,5.0,113.8,0,0.0
FPTShop,916674,MSI Gaming Titan 18 HX AI A2XWIG-090VN U9 285HX,MSI,5,4.6,147.0,0,0.0
FPTShop,919245,MSI Gaming Crosshair 16 HX D2XWFKG-070VN U9 275HX,MSI,6,4.5,113.17,0,0.0
FPTShop,923733,Acer Gaming Nitro V 16 AI ProPanel ANV16S-71-75LR Core7 240H,Acer,5,4.8,82.0,0,0.0
FPTShop,923734,Acer Gaming Nitro ProPanel ANV16S-61-R7KQ Ryzen5 340,Acer,5,4.4,82.2,0,0.0
FPTShop,923735,Acer Gaming Nitro ProPanel ANV16S-41-R337 R7 260,Acer,5,5.0,108.6,0,0.0
FPTShop,924474,Acer Aspire 16 AI A16-71M-59L5,Acer,5,4.6,73.8,0,0.0
FPTShop,924477,Dell 15 DC15250 i7-1355U 512GB (i7U161W11SLU),Dell,5,4.8,117.0,0,0.0
FPTShop,560716967,Macbook Air 13 M2 2024 8CPU/8GPU/16GB/256GB,Apple,148,4.588,55.31,131,0.8851
FPTShop,1837145981,Lenovo IdeaPad 3 14IAH8 i5 12450H (83EQ0005VN),Lenovo,34,4.857,53.15,27,0.7941
FPTShop,5557725342,Dell Vostro 14 V3420 i5 1235U_71003348,Xiaomi,17,4.333,36.88,11,0.6471
FPTShop,9322514268,Lenovo Ideapad Slim 3 14IRH10 i5 13420H (83K0000BVN),Lenovo,15,5.0,109.67,5,0.3333
FPTShop,10068415541,Dell Vostro V3430_60YGM1,Xiaomi,18,4.167,39.39,12,0.6667
FPTShop,10377143932,Asus Vivobook M3504YA-L1268W R5 7530U,Xiaomi,1,,40.0,1,1.0
FPTShop,10377146540,MSI Modern 14 C7M-221VN R7 7730U,MSI,37,4.667,40.65,31,0.8378
FPTShop,10377146727,MSI Modern 14 C7M-220VN R5 7530U,Xiaomi,19,4.667,43.16,13,0.6842
FPTShop,10512411348,Acer Aspire Go AG15-31P-32U6 i3 N305,Acer,29,4.167,40.97,23,0.7931
FPTShop,11104113372,Acer Aspire 3 A315-510P-34XZ i3 N305,Xiaomi,32,4.167,39.84,20,0.625
FPTShop,11281333455,MSI Gaming Katana 15 B13VFK-2099VN i7 13620H,MSI,17,4.5,72.29,11,0.6471
FPTShop,11979813857,Dell Vostro 15 V3530 i7 1355U (80GG91),Xiaomi,1,,30.0,1,1.0
FPTShop,13211018396,MSI Gaming Thin 15 B13VE-2824VN i5-13420H,MSI,8,5.0,86.12,3,0.375
FPTShop,14647139087,Asus TUF Gaming FX506HE-HN377W i7 11800H,Xiaomi,23,5.0,118.57,20,0.8696
FPTShop,14647139460,Asus TUF Gaming FX507ZV4-LP042W i7 12700H,Xiaomi,22,5.0,134.82,9,0.4091
FPTShop,15346428439,Acer Nitro V 15 ProPanel Gaming ANV15-51-78BG i7 13620H,Acer,5,5.0,126.6,0,0.0
FPTShop,19401313838,Acer Gaming Nitro V 15 ANV15-41-R732 R5 6600H,Acer,7,4.143,81.71,0,0.0
FPTShop,24777113129,Lenovo ThinkBook 16 G8 IAL U5-225H (21SK0071VN),Lenovo,16,5.0,138.88,4,0.25
FPTShop,27361116910,MSI Gaming Katana 15 B13UDXK-2411VN i7 13620H,MSI,23,4.9,116.96,13,0.5652
FPTShop,27936525731,MacBook Pro 14 M4 Max 2024 14CPU/32GPU/36GB/1TB,Xiaomi,5,5.0,184.2,0,0.0
FPTShop,28609411721,HP 245 G10 R5-7530U (B8PF8AT),HP,14,5.0,50.79,10,0.7143
FPTShop,28677142627,Asus Vivobook 15 OLED A1505VA-L1113W i5 13500H,Xiaomi,92,5.0,123.96,38,0.413
FPTShop,28677142814,Asus TUF Gaming FX506HF-HN017W i5 11400H,Xiaomi,75,5.0,120.76,36,0.48
FPTShop,31300633884,Asus Vivobook S 14 OLED S5406SA-PP059WS Core Ultra 7-258V,Asus,10,5.0,196.7,0,0.0
FPTShop,32855416896,Dell Inspiron 15 N3530 i7 1355U_N5I7305W1,Dell,14,5.0,145.64,4,0.2857
FPTShop,33525633917,Lenovo V14 G4 IRU i3-1315U (83A000S4VN),Lenovo,41,4.833,51.73,35,0.8537
FPTShop,34337625750,HP OmniBook 7 14-fs0042TU Core 5-210H (C1MP3PA),HP,5,4.8,103.0,0,0.0
FPTShop,34960817999,Gigabyte Gaming A16-CMHH2VN893SH i5 13420H,Gigabyte,16,5.0,140.19,6,0.375
FPTShop,35483627434,MSI Modern 15 F13MG-666VN i5-1334U,MSI,7,4.6,121.86,2,0.2857
FPTShop,35570415607,Colorful Rimbook L1 i5- 13420H (A10205500051),Colorful,5,5.0,112.4,0,0.0
FPTShop,38979539058,Lenovo Yoga Pro 7 14IMH9 Ultra 7 155H (83E2005DVN),Lenovo,5,4.8,54.2,1,0.2
FPTShop,40615617180,Acer Aspire Lite 16 AI AL16-71P-71WU Ultra 7 155H,Acer,12,5.0,194.17,1,0.0833
FPTShop,40924816156,MSI Gaming GP68HX 12VH-070VN i9-12900HX,Xiaomi,16,4.333,41.62,10,0.625
FPTShop,41591837663,MacBook Pro 14 2023 M3 8 CPU/10 GPU/16GB/512GB,Xiaomi,33,4.417,51.09,21,0.6364
FPTShop,41681430932,Lenovo Yoga Slim 7 14ILL10 ULTRA 5 226V (83JX0086VN),Lenovo,11,4.818,165.18,0,0.0
FPTShop,41751612807,HP 14-ep0112TU i5-1335U (8C5L1PA),HP,29,5.0,83.21,19,0.6552
FPTShop,45263717744,Asus Vivobook S 16 OLED S5606CA-RI115WS Ultra 7-255H,Asus,1,,26.0,1,1.0
FPTShop,45863917194,HP OmniBook 5 16-ag1066AU Ryzen Al 7 350 (BZ7S9PA),HP,5,5.0,247.4,0,0.0
FPTShop,46353126540,Lenovo Gaming LOQ 15ARP9 R5-7235HS (83JC007HVN),Lenovo,42,5.0,56.55,36,0.8571
FPTShop,46524023563,HP 250 G10 i5-1334U (B3WA8AT),HP,5,4.8,91.4,0,0.0
FPTShop,49645131091,MSI Venture A15 AI A2HMG-003VN R7 260,MSI,13,5.0,147.85,3,0.2308
FPTShop,50481527195,MSI Modern 14 H D13MG-217VN i7-13700H,MSI,17,4.9,108.88,1,0.0588
FPTShop,50822635473,MSI Gaming Katana 15HX B14WEK-027VN i7-14650HX,MSI,11,4.9,160.55,1,0.0909
FPTShop,51575112763,Lenovo IdeaPad Slim 5 14IRL8 i5-13500H (82XD008LVN),Xiaomi,1,,27.0,1,1.0
FPTShop,52217531100,HP ProBook 440 G10 i5-1340P/9H8U7PT,Xiaomi,16,4.167,37.19,10,0.625
FPTShop,52698224173,Asus Vivobook 14 A1407CA-LY008WS Ultra 5-225H,Asus,15,5.0,151.53,5,0.3333
FPTShop,56245414441,Asus TUF Gaming A15 FA506NCR-HN097W R7-7435HS,Asus,20,5.0,76.7,15,0.75
FPTShop,57739338371,Lenovo Gaming LOQ 15AHP9 R7 8845HS (83DX0085VN),Lenovo,16,4.0,48.38,10,0.625
FPTShop,59203410951,Asus Vivobook S15 OLED S5406MA-PP136W Ultra 5-125H,Xiaomi,3,,42.33,3,1.0
FPTShop,59564510814,Colorful Rimbook L1 i5 13420H (A10205500050),Colorful,1,4.0,12.0,0,0.0
FPTShop,59663525766,Macbook Air M3 15 2024 8CPU 10GPU/16GB/512GB,Xiaomi,32,4.667,43.06,20,0.625
FPTShop,63272929266,Asus Vivobook S3407VA-LY146W Core 5-210H,Asus,7,5.0,194.0,2,0.2857
FPTShop,63309816227,Colorful Rimbook S1 i5- 12450H (A10205500034),Colorful,5,5.0,96.0,0,0.0
FPTShop,65892624461,MSI Modern 14 F13MG-027VN i5-1335U,MSI,24,4.9,112.88,10,0.4167
FPTShop,66410412413,Dell Inspiron 16 N5640 i5 1334U_N6I5419W1,Dell,22,4.667,31.0,16,0.7273
FPTShop,67951439339,MSI Gaming Crosshair 16 HX D2XWFKG-036VN U7 255HX,MSI,10,4.8,167.3,0,0.0
FPTShop,71383517545,HP OmniBook 5 16-ag1068AU AMD AI 5 340 (BZ7T0PA),HP,11,5.0,154.64,1,0.0909
FPTShop,73056611149,Colorful Rimbook L1 i5-12450H/CE50016512C-G-E1AC,Colorful,18,5.0,100.44,13,0.7222
FPTShop,74054915315,Asus Vivobook S14 S3407CA-LY095WS Ultra 5 225H,Asus,12,4.818,185.92,2,0.1667
FPTShop,75352030049,MacBook Pro 14 2023 M3 Pro 11 CPU/14GPU/36GB/512GB,Xiaomi,32,4.667,43.53,20,0.625
FPTShop,75641610612,Dell 14 DC14250 Core 5 120U (DC4C5386W),Dell,5,4.8,103.8,0,0.0
FPTShop,79091831449,Asus TUF Gaming F16 FX608JMR-RV048W i7-14650HX,Asus,13,5.0,180.23,2,0.1538
FPTShop,81791715609,Dell Inspiron 15 N3530 i7 1355U_N5I7301W1-BL,Xiaomi,15,4.667,39.2,9,0.6
FPTShop,82605527644,Acer Swift X AI SFX14-72G-77F9 Core Ultra7 155H,Acer,10,5.0,174.3,0,0.0
FPTShop,82712228831,MSI Modern 15 H AI C2HMG-220VN Ultra 7 255H,MSI,10,4.9,194.6,0,0.0
FPTShop,84122414684,MSI Gaming Cyborg 15 AI A1VE-053VN Ultra 7 155H,MSI,16,5.0,36.56,10,0.625
FPTShop,85911301289,HP ENVY x360 13-bd0528TU i7 1165G7/4Y0Y3PA,Xiaomi,1,,9.0,1,1.0
FPTShop,85911471780,Asus Vivobook  A1503ZA-L1139W i5 12500H,Xiaomi,7,5.0,132.29,3,0.4286
FPTShop,85911855247,Asus Vivobook X1502ZA-BQ126W i5 1240P,Xiaomi,3,5.0,97.33,2,0.6667
FPTShop,90137638156,Lenovo Yoga Slim 7 14IMH9 Core Ultra 7 155H (83CV00DKVN),Lenovo,9,4.8,101.67,4,0.4444
FPTShop,91437114248,Macbook Pro 14 M5 2025 10CPU/10GPU/16GB/512GB Nano,Apple,5,4.4,126.6,0,0.0
FPTShop,93741613078,Dell 15 DC15250 i7-1355U_i7U161W11SLU,Dell,5,4.2,114.6,0,0.0
FPTShop,95330514229,MacBook Pro 14 M4 Pro 2024 12CPU/16GPU/48GB/512GB 96W,Apple,5,5.0,242.8,0,0.0
FPTShop,95919316567,Asus Zenbook 14 OLED UX3405CA-PZ187WS Ultra 5-225H,Asus,11,5.0,214.18,1,0.0909
FPTShop,102151220935,Acer Nitro V 16 ProPanel Gaming ANV16-41-R36Y R7 8845HS,Acer,17,3.833,57.47,11,0.6471
FPTShop,105596411879,Asus TUF Gaming A16 Advantage Edition FA617NSR-RL100W R7-7435HS,Xiaomi,20,3.833,49.05,14,0.7
FPTShop,106191735033,Acer Aspire Lite 14 AL14-71M-52GQ i5 12500H,Acer,15,5.0,81.47,10,0.6667
FPTShop,106405517383,Dell Inspiron 16 5640 Core 7 150U_N6I7512W1,Dell,5,5.0,127.2,0,0.0
FPTShop,106734414032,Lenovo IdeaPad Slim 5 14IMH9 Ultra 7 155H (83DA006UVN),Lenovo,36,4.167,34.69,24,0.6667
FPTShop,107396712966,MacBook Pro 14 2023 M3 8 CPU/10 GPU/8GB/512GB,Xiaomi,33,4.333,50.42,21,0.6364
FPTShop,108185810205,Asus Zenbook 14 UX3405CA-ST629W Ultra 7-255H,Asus,1,,55.0,1,1.0
FPTShop,108821314687,Acer Aspire 7 Gaming A715-76G-73FM i7 12650H,Acer,42,4.6,48.36,37,0.881
FPTShop,110978514308,MSI Gaming Thin 15 B13UC-3247VN i5 13420H,MSI,7,,65.57,7,1.0
FPTShop,112057331069,Acer Aspire 7 Gaming A715-59G-57TU i5 12450H (16GB),Acer,8,5.0,102.0,3,0.375
FPTShop,112212118521,HP OmniBook 5 AI 16-af1046TU Ultra 5-225U (BZ7Q8PA),HP,5,5.0,131.6,0,0.0
FPTShop,113485037973,Lenovo Yoga Slim 7 14IMH9 Core Ultra 5 125H (83CV00D8VN),Lenovo,5,4.8,95.4,0,0.0
FPTShop,115321928457,Asus Vivobook Pro K3405ZF-KM184W i5-12500H,Xiaomi,34,4.167,57.85,23,0.6765
FPTShop,115811917354,MSI Gaming Vector 16 HX AI A2XWHG-010VN,MSI,6,4.8,144.5,1,0.1667
FPTShop,116648113139,Acer Nitro V Gaming ANV15-41-R2UP R5 6600H,Acer,9,5.0,170.56,4,0.4444
FPTShop,117315810746,Acer Aspire Go 14 AI AG14-71M-57WR U5 125H,Acer,1,,83.0,1,1.0
FPTShop,120117528553,Acer Aspire Lite AL14-52M-54CJ i5 1334U,Acer,15,5.0,73.4,8,0.5333
FPTShop,120298211197,Lenovo Ideapad 1 - 14ALC7 R7 5700U (82R30077VN),Xiaomi,35,4.167,42.29,23,0.6571
FPTShop,121144012382,HP 14s-dq5121TU i3-1215U (8W355PA),HP,40,4.083,51.08,26,0.65
FPTShop,122185620703,HP 15-fd1058TU U7-155H (9Z2X6PA),HP,6,4.333,92.5,1,0.1667
FPTShop,122418917837,Lenovo Ideapad 1 - 14ALC7 R5 5625U (82R30099VN),Lenovo,1,,12.0,1,1.0
FPTShop,123973313994,MacBook Pro 14 M4 Pro 2024 12CPU/16GPU/48GB/1TB 96W,Apple,6,5.0,206.5,1,0.1667
FPTShop,125516111901,Asus TUF Gaming A17 FA706NFR-HX025W R7-7435HS,Asus,1,,70.0,1,1.0
FPTShop,128123431155,Lenovo Yoga Slim 7 14ILL10 ULTRA 7 258V (83JX0036VN),Lenovo,8,4.6,89.12,3,0.375
FPTShop,129583116889,Asus Zenbook 14 OLED UX3405CA-PZ204WS Ultra 9-285H,Asus,6,5.0,225.17,1,0.1667
FPTShop,129948310876,Lenovo ThinkBook 16 Gen 6 i7 1355U (21KH00BYVN),Lenovo,25,4.0,55.76,19,0.76
FPTShop,131049410238,Asus Vivobook Go 15 E1504GA-BQ1141W i3-N305,Asus,43,5.0,65.88,38,0.8837
FPTShop,131186011157,Asus Zenbook 14 UX3405CA-PZ188WS U7-255H,Asus,5,5.0,182.6,0,0.0
FPTShop,132016317903,MSI Gaming Vector 16 HX AI A2XWIG-062VN U9 275HX,MSI,5,4.8,165.2,0,0.0
FPTShop,133710515545,Lenovo Gaming Legion 5 15IRX10 i7-14700HX (83LY004GVN),Lenovo,5,5.0,88.6,0,0.0
FPTShop,133845229979,Acer Aspire Lite AL16-51P-596H i5 1235U,Acer,19,4.0,85.0,13,0.6842
FPTShop,134051015646,Acer Aspire Lite 15 AL15-42P-R8E6 R5 7430U,Acer,1,,72.0,1,1.0
FPTShop,136515415817,Lenovo Yoga 7 2-in-1 14ILL10 U7-285V (83JQ0049VN),Lenovo,6,4.833,57.5,0,0.0
FPTShop,143302233146,Lenovo Gaming LOQ 15ARP10E R7 7735HS (83S0006RVN),Lenovo,11,5.0,70.91,5,0.4545
FPTShop,143337324822,Lenovo Gaming Legion 5 15AHP10 R7-260 (83M0002YVN),Lenovo,5,4.8,120.4,0,0.0
FPTShop,144503428779,MSI Gaming Stealth A16 AI+ A3XVGG-208VN Ryzen AI 9 HX 370,MSI,5,4.8,123.4,0,0.0
FPTShop,145839315773,Dell XPS 14 9440 U7 155H_71034921,Dell,16,4.167,32.12,10,0.625
FPTShop,146954211324,Lenovo Gaming Legion 7 - 16IRX9 i9 14900HX (83FD004MVN),Lenovo,21,4.0,67.1,11,0.5238
FPTShop,147341328969,Lenovo Gaming LOQ 15IRX9 i5-13450HX (83DV012LVN),Lenovo,56,5.0,54.02,50,0.8929
FPTShop,148446129605,MacBook Pro 14 inch M5 2025 10CPU/10GPU/32GB/512GB 96W,Apple,6,4.333,140.83,0,0.0
FPTShop,150467310197,Dell Latitude L3440 i5 1235U/16GB/512GB,Xiaomi,17,4.167,47.24,11,0.6471
FPTShop,152880324561,Dell 15 DC15255 R5 7530U (DC5R5802W1),Dell,28,5.0,77.0,23,0.8214
FPTShop,153230525597,Macbook Air M3 15 2024 8CPU 10GPU/8GB/512GB,Xiaomi,32,4.667,44.84,20,0.625
FPTShop,158367921039,HP 15-fd1060TU U7-155H (9Z2X8PA),HP,18,4.0,59.89,12,0.6667
FPTShop,160599310362,Asus TUF Gaming F16 FX608JPR-RV044W i7-14650HX,Asus,5,5.0,154.6,0,0.0
FPTShop,162568415549,MSI Gaming Katana 15 HX B14WGK-023VN i7-14650HX,MSI,11,4.6,51.18,0,0.0
FPTShop,162963412331,Lenovo ThinkPad X1 Carbon Gen 12 U7-155H (21KC008MVN),Lenovo,17,4.667,41.24,11,0.6471
FPTShop,163403113535,MacBook Pro 14 2023 M3 Pro 11 CPU/14 GPU/18GB/512GB,Xiaomi,32,4.75,46.28,20,0.625
FPTShop,163853217694,Gigabyte Gaming G6 KF-73VN853KH i7 13700H,Gigabyte,14,4.429,84.93,10,0.7143
FPTShop,164982714434,Dell 15 DC15250 i5 1334U (71071928),Dell,10,4.8,73.7,5,0.5
FPTShop,168671830585,HP Gaming Victus 16-r0378TX i5-13500HX_AY8Z4PA,HP,14,5.0,61.57,9,0.6429
FPTShop,169885713020,Lenovo Thinkpad X9-15 Gen 1 ULTRA 7 258V (21Q60055VN),Lenovo,5,4.8,122.0,0,0.0
FPTShop,170116638221,ASUS Vivobook 15 X1504ZA-NJ517W i5-1235U,Asus,115,4.867,133.7,56,0.487
FPTShop,171290128725,Dell 15 DC15250 i7 1355U (CPH997),Dell,7,4.667,79.86,1,0.1429
FPTShop,173896110981,Lenovo Gaming LOQ 15IAX9 i5 12450HX (83GS001QVN),Lenovo,29,3.833,56.83,23,0.7931
FPTShop,174746436825,Dell Vostro V3520 i5 1235U_i5U165W11GRU,Dell,17,4.0,94.65,11,0.6471
FPTShop,176510826589,Asus Vivobook X1404VA-NK394W i3-1315U,Asus,15,5.0,76.93,9,0.6
FPTShop,178210514203,Lenovo Ideapad Slim 3 15IRH8 i7 13620H (83EM003EVN),Lenovo,29,3.667,64.62,23,0.7931
FPTShop,182813528842,Asus TUF Gaming A15 FA507NV-LP110W R5-7535HS,Xiaomi,1,,116.0,0,0.0
FPTShop,183072621850,"Dell Inspiron N3520 i5 1235U/16GB/512GB/15.6""FHD/Win11/Office HS21",Dell,20,3.8,49.55,14,0.7
FPTShop,183257827946,Dell Inspiron N3530 i7 1355U_N5I7240W1,Xiaomi,1,,49.0,1,1.0
FPTShop,185178526193,Macbook Pro M3 14 2024 8CPU 10GPU/16GB/1TB,Xiaomi,32,4.667,47.38,19,0.5938
FPTShop,187177813977,Lenovo IdeaPad Slim 3 15ARP10 R5 7533HS (83K70019VN),Lenovo,25,4.833,51.04,19,0.76
FPTShop,187949013337,Lenovo Gaming Legion 5 15AHP10 R7-260 (83M0002XVN),Lenovo,2,,39.0,2,1.0
FPTShop,189132929578,Acer Predator Helios Neo 14 Gaming PHN14-51-96HG Core Ultra9 185H,Acer,5,5.0,175.8,0,0.0
FPTShop,189352236935,Asus Vivobook Gaming 16 K3605VC-RP491W i7-13620H,Asus,19,5.0,74.21,14,0.7368
FPTShop,189529426897,MacBook Pro 16 M4 Max 2024 16CPU/40GPU/48GB/1TB,Xiaomi,7,4.5,226.43,2,0.2857
FPTShop,191109217479,Gigabyte Gaming G6 MF-72VN853KH i7 13700H,Gigabyte,7,5.0,107.86,2,0.2857
FPTShop,191114027357,HP Envy x360 14-fc0094TU Core Ultra 5-125U (A19C4PA),HP,15,4.0,59.4,10,0.6667
FPTShop,191270129319,Lenovo Gaming Legion Pro 5 16IRX9 i9-14900HX (83DF0046VN),Xiaomi,18,4.333,48.0,12,0.6667
FPTShop,191403230834,MacBook Pro 14 M4 Pro 2024 12CPU/16GPU/48GB/512GB 96W Nano,Apple,6,5.0,96.5,0,0.0
FPTShop,192228324998,Lenovo ThinkBook 14 G9 IRL I5 13420H,Lenovo,1,,88.0,1,1.0
FPTShop,193908039653,Asus Vivobook 15 OLED A1505VA-MA466W i5-13500H,Asus,69,4.625,96.99,44,0.6377
FPTShop,196085328470,Asus Vivobook M1405NAQ-LY010W R5 150,Asus,5,4.8,116.0,0,0.0
FPTShop,196394614308,HP Envy X360 14-fa0092AU R7-8840HS (AY8U2PA),HP,6,4.8,93.67,1,0.1667
FPTShop,200366229903,Lenovo LOQ E 15IRX11 i5 13450HX (83SC003RVN),Lenovo,5,4.8,120.8,0,0.0
FPTShop,201350026048,Dell Vostro V3420 i5 1235U,Xiaomi,17,4.0,58.94,10,0.5882
FPTShop,202045110255,Macbook Air M3 13 2024 8CPU 10GPU/16GB/256GB,Xiaomi,34,4.75,43.71,22,0.6471
FPTShop,202833226865,Asus Vivobook Go 14 E1404FA-NK177W R5-7520U,Asus,12,5.0,122.92,6,0.5
FPTShop,205585924565,Asus Vivobook 16 M1607KA-MB091WS Ryzen AI 7 350,Asus,11,5.0,103.36,6,0.5455
FPTShop,206003314786,MSI Gaming Vector GP78HX 13VI-476VN i9-13980HX,MSI,16,4.333,43.31,10,0.625
FPTShop,206487125411,Macbook Air M3 15 2024 8CPU 10GPU/8GB/256GB,Xiaomi,32,4.583,44.75,20,0.625
FPTShop,206635113626,Asus Vivobook X1502VA-BQ885W i5-13420H,Asus,27,5.0,68.0,22,0.8148
FPTShop,209117628327,ASUS Zenbook 14 OLED UM3402YA-KM826W R5-7430U,Xiaomi,35,4.167,57.43,22,0.6286
FPTShop,209998314538,Lenovo IdeaPad 5 2-in-1 14Q8X9 X1P-42-100 (83GH001FVN),Lenovo,8,4.667,54.38,2,0.25
FPTShop,213717117312,Lenovo ThinkBook 14 G7 Ultra 5 125U (21MR006YVN),Lenovo,9,4.833,98.11,3,0.3333
FPTShop,213990424537,Acer Gaming Nitro ProPanel ANV15-52-72BM i7 13620H,Acer,7,5.0,94.43,1,0.1429
FPTShop,214319210522,Laptop Acer Aspire Lite AL15-51M-55NB i5-1155G7,Xiaomi,17,5.0,40.47,11,0.6471
FPTShop,214799518630,HP OmniBook 5 AI 16-af1048TU Ultra 5-225U (BZ7Q9PA),HP,6,5.0,82.5,0,0.0
FPTShop,214820034717,Lenovo Ideapad Slim 3 - 15IRH10 i5 13420H (83K1000GVN),Lenovo,14,4.8,65.71,9,0.6429
FPTShop,215736415642,Asus TUF Gaming A15 FA506NF-HN005W R5-7535HS,Asus,53,4.6,74.43,38,0.717
FPTShop,217376013215,Lenovo Gaming LOQ 15ARP9 R5 7235HS (83JC00HXVN),Lenovo,17,5.0,57.82,12,0.7059
FPTShop,219026528855,MSI Gaming Cyborg 15 A12UCX-281VN i5 12450H,Xiaomi,17,4.667,55.82,11,0.6471
FPTShop,219860117084,MSI Gaming Raider 18 HX AI A2XWIG-033VN U9-275HX,MSI,5,5.0,107.8,0,0.0
FPTShop,220525936415,Asus TUF Gaming FA506NFR-HN006W R7-7435HS,Asus,59,4.364,96.12,36,0.6102
FPTShop,220962516482,Lenovo IdeaPad Slim 5 Light 14ABR8 R5 7530U (82XS0006VN),Xiaomi,40,4.167,43.75,27,0.675
FPTShop,221302828848,Lenovo IdeaPad Slim 5 OLED 15ARP10 R7 7735HS (83J3001DVN),Lenovo,53,4.833,77.15,46,0.8679
FPTShop,223706537163,Asus Vivobook 14 OLED A1405ZA-KM264W i5 12500H,Asus,115,4.793,121.9,58,0.5043
FPTShop,224036734846,Acer Predator Helios Neo 16S Gaming AI PHN16S-71-94T0 U9 275HX,Acer,2,,41.5,2,1.0
FPTShop,224499837119,Gigabyte Gaming G6X 9MG i7 13650HX (9RC6L9KGHSIIX1VN000),Gigabyte,14,5.0,98.64,9,0.6429
FPTShop,227242625257,Dell 16 DC16250 Core 5 120U (71076092),Dell,5,4.8,110.4,0,0.0
FPTShop,227312011542,MSI Gaming GF63 Thin 12UC-1006VN i5 12450H,MSI,22,4.833,66.5,16,0.7273
FPTShop,228257628029,Lenovo IdeaPad Slim 5 14Q8X9 X1P-42-100 (83HL000KVN),Lenovo,23,4.333,50.65,14,0.6087
FPTShop,229462125610,Asus Vivobook 15 OLED A1505VA-L1688W i7-13620H,Asus,11,5.0,104.09,6,0.5455
FPTShop,230445027840,Asus Zenbook 14 OLED UX3405MA-PP151W Core Ultra 5-125H,Asus,33,5.0,137.42,16,0.4848
FPTShop,230830512863,Lenovo ThinkBook 16 G6 ABP R5-7530U (21KK005XVN),Lenovo,16,4.333,44.44,10,0.625
FPTShop,233353832963,MSI Gaming Raider GE68 HX 14VHG-646VN i9 14900HX,MSI,16,4.0,53.94,10,0.625
FPTShop,234763512150,HP Envy X360 14-fc01062TU Core Ultra 5-125U (AY8X1PA),HP,25,3.818,81.28,15,0.6
FPTShop,236426812146,Asus Gaming ROG Strix G16 G614JVR-N4231W i9-14900HX,Xiaomi,2,,91.0,2,1.0
FPTShop,237340616366,Acer Aspire Lite 14 Gen 2 AL14-52M-32KV i3 1305U,Acer,30,4.833,87.6,24,0.8
FPTShop,238420518128,Lenovo Gaming Legion 5 15IAX10 U7 255HX (83F0003BVN),Lenovo,6,5.0,77.0,0,0.0
FPTShop,242318732998,Lenovo IdeaPad Slim 3 15ARP10 R7 7735HS (83K700EWVN),Lenovo,6,5.0,102.33,1,0.1667
FPTShop,248202137817,Asus Vivobook E1504FA-NJ454W R5-7520U,Asus,10,5.0,122.8,4,0.4
FPTShop,249392438880,Acer Nitro V 15 ProPanel Gaming ANV15-51-534U i5 13420H,Acer,8,5.0,89.25,3,0.375
FPTShop,250965918169,Gigabyte Gaming A16 CMHI2VN893SH i7 13620H,Gigabyte,10,5.0,74.6,5,0.5
FPTShop,251845437702,Colorful Rimbook S1 i3-1220P/CA30016512N-G-E1AD,Colorful,3,,55.33,3,1.0
FPTShop,252399529603,Lenovo Gaming LOQ - 15IAX9 i5 12450HX (83GS005KVN),Lenovo,63,4.333,53.54,57,0.9048
FPTShop,254494638136,Asus Vivobook X1605VA-MB1795W i7-13620H,Asus,13,5.0,100.08,8,0.6154
FPTShop,256105815308,Lenovo Gaming LOQ 15IRX9 i7-13650HX (83DV00UFVN),Lenovo,1,,23.0,1,1.0
FPTShop,257865329478,Asus TUF Gaming F15 FX507VU-LP197W i7-13620H,Xiaomi,34,4.167,40.03,22,0.6471
FPTShop,258435231911,Lenovo IdeaPad Slim 3 15Q8X10 SnapX X1-26-100 (83N3002PVN),Lenovo,6,4.833,58.67,0,0.0
FPTShop,258979225755,Asus Gaming V16 V3607VU-RP216W Core 7-240H,Asus,7,5.0,86.14,2,0.2857
FPTShop,261427713441,Asus TUF Gaming FA607NUG-RL129W R7-7445HS,Asus,9,4.8,87.22,4,0.4444
FPTShop,261612330431,Lenovo ThinkBook 14 G8 Ultra 5 225H (21SJ0070VN),Lenovo,9,4.8,80.67,3,0.3333
FPTShop,264064611486,Lenovo Yoga Slim 7 14IMH9 ULTRA 7 155H (83CV001VVN),Xiaomi,17,4.167,33.12,11,0.6471
FPTShop,264313325907,Lenovo Gaming LOQ 15IRX9 i7-13650HX (83DV00UGVN),Lenovo,1,,41.0,1,1.0
FPTShop,264739610738,Acer Gaming Aspire 5 A515-58GM-53CM i5 13420H,Acer,28,3.833,47.32,22,0.7857
FPTShop,268134818056,Asus Gaming V16 V3607VH-RP025W Core 7-240H,Asus,5,5.0,112.4,0,0.0
FPTShop,269595227196,HP 15s-fq5230TU i3-1215U (8U238PA),Xiaomi,17,5.0,39.41,11,0.6471
FPTShop,272338538658,Lenovo Ideapad Slim 3 16ARP10 AMD Ryzen 5 7533HS 16GB (83K80016VN),Lenovo,1,,104.0,1,1.0
FPTShop,272558814123,MacBook Pro 16 2023 M3 Pro 12 CPU/18 GPU/18GB/512GB,Xiaomi,32,4.333,42.44,20,0.625
FPTShop,275666611887,Acer Aspire 7 A715-76G-59MW i5-12450H,Acer,59,4.167,52.85,51,0.8644
FPTShop,278349628211,Lenovo IdeaPad Slim 3 16IRH10 i5-13420H (83K20002VN),Lenovo,18,5.0,49.5,13,0.7222
FPTShop,278366034905,Lenovo ThinkBook 16 G6 IRL i5-13420H (21KH00Q0VN),Lenovo,27,4.0,60.85,17,0.6296
FPTShop,281064910590,Asus Vivobook 15 X1504VA-BQ165W Core 5-120U,Asus,5,5.0,161.0,0,0.0
FPTShop,283218927127,Asus Vivobook E1504FA-BQ1150W R5-7520U,Asus,20,5.0,86.2,13,0.65
FPTShop,283737533317,Asus Vivobook Flip TP3402VA-LZ118W i9 13900H,Xiaomi,17,5.0,144.12,1,0.0588
FPTShop,284265814938,HP Envy X360 14-fc0151TU Ultra 7-155U_AY8V2PA,HP,5,5.0,92.2,0,0.0
FPTShop,284810241609,Lenovo Ideapad 3 15IAU7 i7 1255U (82RK00W4VN),Lenovo,20,4.833,53.35,14,0.7
FPTShop,285486311347,Asus TUF Gaming F16 FX608JH-RV039W i5-13450HX,Asus,6,5.0,114.0,1,0.1667
FPTShop,285686710762,Lenovo IdeaPad Slim 3 14IRH10 i5-13420H (83K0000AVN),Lenovo,16,4.6,39.25,12,0.75
FPTShop,286485032918,Lenovo Ideapad Slim 3 16ARP10 Ryzen 5 7535HS (83K80075VN),Lenovo,1,,55.0,1,1.0
FPTShop,288615016463,MSI Gaming Thin 15 B13UC-2081VN i5 13420H,MSI,6,4.6,109.5,1,0.1667
FPTShop,291387728406,HP 245 G10 R5-7520U (9H8X8PT),Xiaomi,17,5.0,38.53,11,0.6471
FPTShop,291542539940,Acer Aspire 7 A715-76-728X i7 12650H,Acer,36,5.0,70.81,30,0.8333
FPTShop,294089912559,Dell Inspiron 15 3520 i5 1235U/16GB/512GB,Dell,16,5.0,92.56,12,0.75
FPTShop,294647115491,Asus Vivobook S14 S3407CA-LY096WS Ultra 7-255H,Asus,5,5.0,215.6,0,0.0
FPTShop,300207614172,HP Envy X360 14-fa0093AU R7-8840HS (AY8U3PA),HP,5,4.4,70.4,0,0.0
FPTShop,304250528956,Dell 15 DC15255 R7 7730U (X9YM41),Dell,5,4.6,108.8,0,0.0
FPTShop,305663334484,Asus Zenbook 14 OLED UX3407QA-QD299WS Qualcomm X1-26-100,Asus,7,5.0,156.57,3,0.4286
FPTShop,305779516701,Macbook Air M3 13 2024 8CPU 8GPU/8GB/256GB,Xiaomi,32,4.75,42.09,19,0.5938
FPTShop,306167012345,HP EliteBook 6 G1i Core Ultra 7 255H (BQ9N4PT),HP,5,4.6,97.6,0,0.0
FPTShop,306682529067,Asus ROG Zephyrus G16 GU605CX-QR083W Ultra 9-285H,Asus,1,,47.0,1,1.0
FPTShop,307844621651,Dell Inspiron N3520 i5 1235U_i5U085W11SLU,Dell,20,4.143,54.9,11,0.55
FPTShop,310634937063,Lenovo Legion 5 15IRX10 i7-13650HX (83LY00HRVN),Lenovo,7,5.0,77.57,2,0.2857
FPTShop,311606430737,Asus Vivobook S5406MA-PP124W Ultra 5-125H,Asus,21,4.167,47.19,15,0.7143
FPTShop,311788433077,Lenovo IdeaPad Slim 3 15ARP10 R7 7735HS (83K700EVVN),Lenovo,5,4.8,101.4,1,0.2
FPTShop,311972931059,MSI Gaming Thin A15 B7UC-261VN R5 7535HS,MSI,29,4.333,39.24,23,0.7931
FPTShop,312759537151,HP 245 G10 R7 7730U (8F157PA),HP,25,4.5,38.24,19,0.76
FPTShop,314555925181,MacBook Pro 14 M4 2024 10CPU/10GPU/24GB/1TB,Apple,6,4.8,93.17,1,0.1667
FPTShop,315603812273,HP Envy X360 14-fc0161TU Core Ultra 5-125U (AY8X0PA),HP,5,5.0,112.6,0,0.0
FPTShop,317880630994,Dell Vostro 15 V3530 i5 1335U,Dell,20,5.0,49.05,15,0.75
FPTShop,320017710671,MacBook Air 15 M5 2026 10CPU/10GPU/24GB/1TB,Apple,1,,44.0,1,1.0
FPTShop,324632628653,Lenovo Gaming LOQ 15IRX9 i5-13450HX/28GB (83DV012LVN),Lenovo,28,5.0,54.54,23,0.8214
FPTShop,326839428044,Asus Vivobook E1404FA-EB482W R5-7520U,Asus,12,,58.25,12,1.0
FPTShop,327713629487,Asus Vivobook 14 X1405VA-LY623W i5-13420H,Asus,12,5.0,81.92,7,0.5833
FPTShop,331648125486,Lenovo ThinkPad X9-14 Gen 1 U7 258V (21QA006LVN),Lenovo,5,5.0,84.4,1,0.2
FPTShop,334001138771,Asus Vivobook 15 OLED A1505VA-MA469W i9-13900H,Asus,20,4.429,60.2,13,0.65
FPTShop,336658629788,Lenovo Gaming Legion Pro 5 16IAX10 U9 275HX (83F3002GVN),Lenovo,5,5.0,83.6,0,0.0
FPTShop,345542617094,Lenovo IdeaPad Slim 3 15IRH10 i5 13420H (83K1002PVN),Lenovo,21,5.0,70.19,16,0.7619
FPTShop,346451832787,Macbook Air 13 M4 2025 10CPU/10GPU/24GB/512GB,Apple,15,5.0,79.07,11,0.7333
FPTShop,346600612901,Dell 15 DC15250 i5 1334U (71084746),Dell,6,4.833,118.0,0,0.0
FPTShop,347464315009,Acer Gaming Nitro Lite 16 NL16-71G-56WQ i5 13420H,Acer,8,5.0,88.75,3,0.375
FPTShop,348611815583,Macbook Pro 14 M5 2025 10CPU/10GPU/24GB/512GB,Apple,6,5.0,83.33,1,0.1667
FPTShop,353033435338,Asus Zenbook S 16 OLED UM5606KA-RK113WS Ryzen AI 7 350,Asus,5,5.0,190.8,0,0.0
FPTShop,354276913621,Acer Gaming Nitro V 15 ProPanel ANV15-52-59RR Core 5 210H,Acer,5,5.0,96.4,0,0.0
FPTShop,355972928823,HP 14-em0255AU R5-7530U (C81N3PA),HP,5,4.8,121.0,0,0.0
FPTShop,359513625041,Asus Vivobook X1504VA-NJ526W i5 1335U,Asus,100,5.0,115.31,46,0.46
FPTShop,367129033100,Lenovo IdeaPad Slim 3 15ARP10 R5 7535HS (83K700EQVN),Lenovo,5,5.0,120.8,0,0.0
FPTShop,367413928437,Dell 15 DC15250 i5 1334U (CPH99),Dell,6,4.833,74.33,0,0.0
FPTShop,367873617539,Lenovo Gaming Legion 5 15IAX10 U7 255HX (83F0003CVN),Lenovo,5,4.8,51.4,1,0.2
FPTShop,368192825841,Acer Nitro 16 Phoenix Gaming AN16-41-R50Z R5 7640HS,Acer,46,4.0,58.37,40,0.8696
FPTShop,370888611213,MSI Gaming Crosshair 16 HX D2XWGKG-071VN U9 275HX,MSI,6,4.6,101.17,1,0.1667
FPTShop,373431510728,Dell 16 Plus DB16250 Ultra 5 226V (DB6U5387W1),Dell,5,5.0,97.4,0,0.0
FPTShop,374999417785,Macbook Pro 14 M5 2025 10CPU/10GPU/16GB/1TB,Apple,5,5.0,95.0,0,0.0
FPTShop,375297925981,Asus TUF Gaming FX507ZU4-LP054W i7 12700H,Xiaomi,13,5.0,148.62,1,0.0769
FPTShop,375585918618,Asus Zenbook 14 OLED UX3402VA-KM068W i7 1360P,Xiaomi,6,5.0,131.0,2,0.3333
FPTShop,375605815949,Macbook Air 13 M3 2024 8CPU/8GPU/16GB/256GB,Xiaomi,19,4.8,69.89,15,0.7895
FPTShop,378293712554,Lenovo Gaming LOQ 15IRX10 i7 13650HX 16GB (83JE00PEVN),Lenovo,5,4.6,99.0,0,0.0
FPTShop,379081510935,Lenovo IdeaPad Slim 3 14IRH10 i7-13620H (83K00007VN),Lenovo,26,4.833,44.35,20,0.7692
FPTShop,380506815573,Asus Vivobook S 15 OLED S5507QA-MA090WS X1E-78-100,Asus,21,4.0,58.24,11,0.5238
FPTShop,382313126939,HP 15-fc0089AU R7-7730U (A94XWPA),HP,24,4.429,34.79,17,0.7083
FPTShop,385428730634,Lenovo ThinkPad E14 Gen 5 i7-1355U (21JK007XVN),Xiaomi,19,4.333,43.79,13,0.6842
FPTShop,389791934043,MSI Modern 14 F13MG-466VN i5 1334U,MSI,11,4.8,119.91,0,0.0
FPTShop,389921735489,Lenovo ThinkBook 16 G6 IRL i5-13500H,Lenovo,22,3.667,86.64,16,0.7273
FPTShop,397248128291,HP Envy x360 14-fc0087TU Core Ultra 7-155U(A19BXPA),HP,16,4.0,58.88,10,0.625
FPTShop,405784129872,Lenovo ThinkPad E14 Gen 7 U7-255H (21SX002YVN),Lenovo,4,,44.25,4,1.0
FPTShop,407262712660,Lenovo ThinkPad E14 Gen 7 Core 7 240H (21T90025VN),Lenovo,9,,45.33,8,0.8889
FPTShop,411965813747,MSI Gaming Thin15 B13UC-2044VN i7-13620H,MSI,27,4.167,36.67,21,0.7778
FPTShop,414061438745,Lenovo Ideapad Slim 3 16ARP10 AMD Ryzen 5 7533HS 24GB (83K80017VN),Lenovo,1,,39.0,1,1.0
FPTShop,414637227105,Asus Vivobook X1404VA-EB509W i3-1315U,Asus,5,5.0,245.6,0,0.0
FPTShop,416049420529,HP OmniBook Ultra Flip 14-fh0095TU U9-288V (BZ7S2PA),HP,7,4.667,42.0,1,0.1429
FPTShop,416454817272,HP ProBook 450 G10 i5-1340P,HP,8,5.0,148.12,0,0.0
FPTShop,418263529239,HP Envy x360 14-fa0045AU R7-8840HS(A19BMPA),Xiaomi,16,4.0,57.94,10,0.625
FPTShop,418267325912,Gigabyte Gaming A16 CTHI3VN893SH i7 13620H,Gigabyte,11,4.6,129.73,6,0.5455
FPTShop,419262835581,MSI Modern 15 F13MG 667VN i5 1334U,MSI,5,4.8,120.6,0,0.0
FPTShop,419899532803,MSI Gaming Katana A15 AI B8VF-419VN R7-8845HS,MSI,23,4.333,48.7,17,0.7391
FPTShop,421776911213,HP OmniBook 7 16-az0043TU Core 7-240H (C2CX3PA),HP,6,4.8,105.33,1,0.1667
FPTShop,422154334564,HP 240 G10 i3-N305 (8U7D8PA),Xiaomi,17,4.333,42.82,11,0.6471
FPTShop,424276227039,MSI Modern 15 H C13M-216VN i7-13700H,MSI,11,4.8,111.18,0,0.0
FPTShop,424488813120,Lenovo Gaming LOQ - 15IAX9 i5 12450HX  (83GS000GVN),Lenovo,22,4.833,38.14,16,0.7273
FPTShop,424771216330,HP ProBook 4 G1ah 14 R5-220,HP,5,5.0,88.2,0,0.0
FPTShop,428315630748,Dell Inspiron 14 N5440 i5 1334U,Dell,22,4.333,55.27,16,0.7273
FPTShop,428535410321,Lenovo ThinkBook 16 G6 IRL i5 13420H (21KH00WCVN),Lenovo,12,,50.0,12,1.0
FPTShop,431825326108,MacBook Pro 14 M5 Pro 2026 15CPU/16GPU/24GB/1TB,Apple,1,,60.0,1,1.0
FPTShop,431997138342,Asus Vivobook E1404FA-NK186W R5 7520U,Asus,183,5.0,127.81,86,0.4699
FPTShop,432287428516,Lenovo IdeaPad Slim 3 16IRH10 i7-13620H (83K20001VN),Lenovo,7,4.833,79.29,1,0.1429
FPTShop,432978715770,Colorful Rimbook L1 i5- 12450H (A10205500048),Colorful,5,4.6,91.6,0,0.0
FPTShop,433266812262,Asus Vivobook X1504VA-NJ1969W i5-1334U,Asus,6,,64.83,6,1.0
FPTShop,434305913666,Acer Aspire Go 14 AI AG14-71M-52LH Ultra5 115U,Acer,5,4.8,97.4,0,0.0
FPTShop,434669416153,Lenovo IdeaPad Slim 3 15IRH10 i5 13420H (83K1002NVN),Lenovo,8,4.6,46.75,3,0.375
FPTShop,435315135642,Asus Vivobook S16 OLED S5606MA-MX051W U7-155H,Asus,22,4.167,53.55,16,0.7273
FPTShop,441663414104,Acer Aspire Lite 14 AL14-71P-55P9 i5 13500H,Xiaomi,3,,17.0,3,1.0
FPTShop,442043912399,Asus Gaming ROG Strix G16 G614JV-N4369W i7-13650HX,Asus,3,,56.67,3,1.0
FPTShop,442072411257,Lenovo Gaming LOQ 15ARP9 R5 7235HS (83JC00HYVN),Lenovo,19,5.0,71.05,13,0.6842
FPTShop,442804625805,Dell XPS 13 9350 Ultra 5-226V (71058714),Dell,7,4.8,93.14,2,0.2857
FPTShop,443026723278,HP 250R G10 Core 5-120U (C3SH7AT),HP,6,5.0,107.0,1,0.1667
FPTShop,444265811235,Gigabyte Gaming G5 KF5-53VN353SH i5-13500H,Gigabyte,21,4.167,49.38,15,0.7143
FPTShop,444502229634,Asus Vivobook S 14 OLED S5406MA-PP198WS Core Ultra7-155H,Xiaomi,16,4.0,59.0,10,0.625
FPTShop,445181926335,Gigabyte Gaming A16 CVHI3VNC93SH i7 13620H/16GB/512GB,Gigabyte,5,4.6,115.8,0,0.0
FPTShop,447266410037,MSI Gaming Katana 15 B13VEK-252VN i7-13620H 16GB,MSI,6,5.0,94.83,1,0.1667
FPTShop,453007945134,Acer Aspire 5 A515-58M-56YX i5 13420H,Acer,19,4.0,50.05,13,0.6842
FPTShop,453768134256,Acer Aspire 3 A315-44P-R5QG R7-5700U,Acer,48,4.833,82.06,42,0.875
FPTShop,454488411481,Colorful RimBook L1 i3-1220P/CA30016512C-G-E1AC,Colorful,27,5.0,89.44,25,0.9259
FPTShop,459507317715,MSI Gaming Katana 15 B13VEK-2415VN,MSI,9,5.0,96.33,3,0.3333
FPTShop,460885716094,MSI Gaming Cyborg 15 AI A1VEK-245VN Ultra 5 135H,MSI,6,4.8,109.0,1,0.1667
FPTShop,461653615435,Asus Vivobook A1405VA-KM257W i5 13500H,Xiaomi,43,5.0,130.42,4,0.093
FPTShop,461718333118,Lenovo IdeaPad Slim 3 15ARP10 R5 7535HS (83K700EPVN),Lenovo,1,,33.0,1,1.0
FPTShop,461802514513,HP Envy X360 14-fc0084TU U7-155U(A19BTPA),HP,22,4.0,72.82,11,0.5
FPTShop,462496913747,MacBook Pro 14 M4 2024 10CPU/10GPU/16GB/512GB Nano,Apple,5,4.8,108.6,1,0.2
FPTShop,468136115853,Asus Vivobook Gaming K3605VC-RP431W i5-13420H,Asus,41,4.714,66.07,34,0.8293
FPTShop,468320631663,MSI Gaming Gaming Cyborg 15 A12UC-621VN i5 12450H,Xiaomi,20,4.333,43.2,14,0.7
FPTShop,468730313694,Dell Inspiron 15 N3520 i5 1235U_N5I5011W1,Dell,18,4.333,39.33,12,0.6667
FPTShop,473841611865,Dell Inspiron 15 N3530 i5 1335U (N5I5489W1),Dell,18,4.833,57.06,12,0.6667
FPTShop,476117117296,HP OmniBook 5 16-ag1067AU Ryzen Al 7 350 (BZ7U5PA),HP,7,5.0,205.29,2,0.2857
FPTShop,476882311885,Lenovo ThinkPad E14 Gen 7 Core 5-210H (21T90023VN),Lenovo,10,5.0,166.1,5,0.5
FPTShop,477960426837,Lenovo Yoga Pro 7 14ASP9 R9 AI 365 (83HN0022VN),Lenovo,9,4.667,81.67,3,0.3333
FPTShop,479469916693,HP OmniBook 7 Aero 13-bg1087AU Ryzen AI 5 340 (BZ7S1PA),HP,7,4.6,55.43,2,0.2857
FPTShop,480145836077,Acer Aspire Lite AL16-51P-55N7,Acer,25,4.0,62.48,18,0.72
FPTShop,480493715587,Acer Gaming Predator Helios 16 AI PH16-73-93HD Ultra 9 275HX,Acer,5,5.0,114.8,0,0.0
FPTShop,480811538353,Macbook Air M2 13 2022 8CPU 10GPU/16GB/256GB,Xiaomi,38,4.5,51.84,26,0.6842
FPTShop,482096826469,HP 15-fd1289TU Ultra 7-155H (C2CV8PA),HP,7,4.6,90.29,2,0.2857
FPTShop,482531628622,Asus Vivobook S3607VA-RP056W i7-13620H,Asus,6,5.0,201.83,1,0.1667
FPTShop,482962830465,Lenovo IdeaPad Slim 5 14AHP9 R7 8845HS (83DB003BVN),Xiaomi,3,,44.33,3,1.0
FPTShop,484477740397,Asus Gaming ROG Strix G16 G614JVR-N4162W i9-14900HX,Xiaomi,1,,140.0,0,0.0
FPTShop,487114330242,Lenovo Gaming Legion 5 15IRX10 i7 14700HX (83LY00A7VN),Lenovo,8,5.0,60.88,4,0.5
FPTShop,491057311302,Asus TUF Gaming F16 FX607VJ-RL034W Core 5-210H,Asus,27,5.0,60.74,21,0.7778
FPTShop,493461034398,Lenovo V15 G4 AMN R5 7520U (82YU016SVN),Lenovo,13,4.667,50.85,7,0.5385
FPTShop,495501929344,Dell 15 DC15250 i7 1355U (71073959),Dell,6,4.8,87.5,1,0.1667
FPTShop,501684730092,MacBook Pro 14 inch M5 2025 10CPU/10GPU/32GB/512GB 96W Nano,Apple,6,4.833,112.0,0,0.0
FPTShop,503622134806,Asus Zenbook 14 OLED UM3406KA-PP555WS Ryzen AI 7 350,Asus,1,,72.0,1,1.0
FPTShop,503757932778,Asus Zenbook 14 UM3406KA-PP113WS Ryzen AI 7 350,Asus,9,5.0,133.89,4,0.4444
FPTShop,504416212194,Lenovo ThinkPad X1 2-in-1 Gen 10 U7 258V (21NU004TVN),Lenovo,5,5.0,277.6,0,0.0
FPTShop,506319927985,Dell Inspiron 15 3530 i7 1355U_71053721,Dell,8,5.0,104.0,2,0.25
FPTShop,509326125591,Dell Inspiron 15 3520 i5 1235U_71071952,Dell,6,5.0,162.67,1,0.1667
FPTShop,510107135919,HP 245 G10 R5 7520U (8F154PA),Xiaomi,18,4.833,37.06,12,0.6667
FPTShop,510107136292,HP 15-fd0083TU i7 1355U (8D736PA),HP,26,5.0,41.12,20,0.7692
FPTShop,510107136665,HP Gaming Victus 16-s0078AX R5 7640HS (8C5N7PA),HP,19,4.667,54.32,13,0.6842
FPTShop,510107136851,HP Pavilion 15-eg3111TU i5 1335U (8U6L8PA),HP,30,4.667,65.0,25,0.8333
FPTShop,510107137037,HP Pavilion 15-eg3112TU i7 1355U (8U6L9PA),HP,18,4.667,56.11,11,0.6111
FPTShop,510107137783,HP Pavilion Aero 13-be2098AU R7 7735U (8C5K5PA),Xiaomi,19,4.667,56.32,13,0.6842
FPTShop,511945717052,Macbook Air M3 13 2024 8CPU 10GPU/8GB/512GB,Xiaomi,35,4.75,44.74,23,0.6571
FPTShop,512022429749,Lenovo IdeaPad Slim 3 14ARP10 R5-7533HS (83K6000AVN),Lenovo,8,,32.88,8,1.0
FPTShop,512115025125,HP 14-ep0220TU i3-1315U_B73VWPA,HP,25,4.833,56.8,19,0.76
FPTShop,514499031698,Asus TUF Gaming F16 FX608JHR-RV037W i7-14650HX,Asus,5,5.0,182.6,1,0.2
FPTShop,516050834544,Lenovo Legion 5 15IRX10 i7-13650HX (83LY00HQVN),Lenovo,5,5.0,114.2,0,0.0
FPTShop,516945739254,Acer Swift 14 AI SF14-51-75VP Ultra 7 258V,Acer,16,5.0,95.12,10,0.625
FPTShop,517383317489,MSI Gaming Katana 15 B13UDXK-2410VN i5-13420H,MSI,16,5.0,61.69,11,0.6875
FPTShop,517422712361,Dell 16 DC16250 Core 7 150U (C7U161W11BLU),Dell,6,4.6,86.33,1,0.1667
FPTShop,519371037752,Asus Gaming ROG Zephyrus G16 GU605CM-QR078W Ultra 9-285H,Asus,5,5.0,266.8,0,0.0
FPTShop,523926114094,Macbook Air 13 M4 2025 10CPU/10GPU/24GB/256GB,Xiaomi,5,4.6,117.6,0,0.0
FPTShop,525284611762,Lenovo Yoga Book 9 13IMU9 ULTRA 7 155U (83FF001SVN),Lenovo,16,4.0,59.25,10,0.625
FPTShop,526108727107,Lenovo Gaming LOQ 15IRX10 i7 13650HX (83JE006PVN),Lenovo,5,5.0,75.2,0,0.0
FPTShop,528007133007,Macbook Air 13 M4 2025 10CPU/8GPU/16GB/256GB,Apple,151,4.714,58.0,144,0.9536
FPTShop,528517525916,MacBook Pro 14 M4 Pro 2024 12CPU/16GPU/24GB/512GB,Apple,16,4.2,73.88,11,0.6875
FPTShop,530771331056,Asus Vivobook S14 S3407VA-LY053W i7-13620H,Asus,12,5.0,118.17,7,0.5833
FPTShop,532281614164,Asus Vivobook M1605YA-MB303W R7 7730U,Xiaomi,7,5.0,145.0,0,0.0
FPTShop,532677136292,Lenovo Ideapad Gaming 3 15ARH7 R5 7535HS (82SB00JUVN),Xiaomi,1,,84.0,1,1.0
FPTShop,532677156416,Asus Vivobook X1404ZA-NK075W i3 1215U,Xiaomi,19,5.0,112.42,11,0.5789
FPTShop,534146642274,Lenovo V14 G4 IRU I5-13420H (83A000FQVN),Lenovo,9,4.833,64.56,3,0.3333
FPTShop,540591113529,Asus TUF Gaming F16 FX607JV-N3199W i7-13650HX,Xiaomi,1,,145.0,1,1.0
FPTShop,543667370881,MSI Creator M16 B13VE-830VN i7 13700H,MSI,17,4.857,49.41,10,0.5882
FPTShop,543667372186,MSI Gaming Raider GE68HX 13VF-050VN i7 13700HX,MSI,17,5.0,41.88,11,0.6471
FPTShop,543667433861,Máy tính xách tay Acer Predator Helios Gaming PHN16-71-74BA/i7-13700HX/16G/512G/RTX4060/Win11_Đen,Xiaomi,1,,40.0,1,1.0
FPTShop,543667449699,Gigabyte Gaming G5 MF-F2VN313SH i5 12450H,Gigabyte,19,4.857,43.0,12,0.6316
FPTShop,543667449885,Asus Vivobook E1504FA-NJ426W R3 7320U,Xiaomi,41,5.0,128.95,20,0.4878
FPTShop,543667452680,Acer Aspire 7 Gaming A715-76-57CY i5 12450H (NH.QGESV.004),Xiaomi,5,,46.6,4,0.8
FPTShop,543667454543,Asus Gaming ROG Strix G614JU-N3777W i7 13650HX,Xiaomi,8,5.0,113.38,0,0.0
FPTShop,543667461065,MacBook Air 15 M2 2023 8CPU 10GPU/8GB/256GB,Xiaomi,36,4.333,45.97,24,0.6667
FPTShop,543667510815,MacBook Air 15 M2 2023 8CPU 10GPU/16GB/256GB,Xiaomi,1,,44.0,1,1.0
FPTShop,543667578639,Lenovo IdeaPad 3 15ITL6 i5 1155G7 (82H803RWVN),Xiaomi,5,,93.2,5,1.0
FPTShop,543667587955,Gigabyte Gaming A5 K1-AVN1030SB R5 5600H,Gigabyte,5,,58.4,5,1.0
FPTShop,543667601371,MSI Modern 14 C13M-612VN i5 1335U,MSI,17,4.833,46.06,11,0.6471
FPTShop,543667801489,Asus TUF Gaming FX507ZC4-HN095W i5 12500H,Asus,152,5.0,125.21,38,0.25
FPTShop,543667844718,Lenovo Gaming Legion Slim 5 16IRH8 i7 13700H (82YA00BUVN),Xiaomi,1,,88.0,1,1.0
FPTShop,543667851798,VAIO FE14 i5 1235U (VWNC51427-BK),Xiaomi,18,4.833,55.78,12,0.6667
FPTShop,543667874158,Lenovo IdeaPad Slim 5 16IAH8 i5 12450H (83BG001XVN),Xiaomi,31,4.667,51.1,25,0.8065
FPTShop,543667874344,Lenovo IdeaPad Slim 5 14IRL8 i5 13500H (82XD002VVN),Xiaomi,1,,36.0,1,1.0
FPTShop,543668003843,MSI Modern 14 C12MO-660VN i5 1235U,Xiaomi,20,4.667,44.6,11,0.55
FPTShop,543668006266,Acer Swift Edge SFA16-41-R3L6 R7 6800U (NX.KABSV.002),Acer,17,4.714,161.82,10,0.5882
FPTShop,543668006638,Acer Swift 3 SF314-512-741L i7 1260P (NX.K7JSV.001),Acer,23,4.833,48.52,16,0.6957
FPTShop,543668596372,Huawei MateBook D15 R7 5700U,Huawei,18,4.833,44.83,12,0.6667
FPTShop,543668597676,Huawei MateBook D14 BE i3 1215U,Huawei,19,5.0,47.26,13,0.6842
FPTShop,543668642581,Acer Aspire 7 Gaming A715-43G-R09Q R5 5625U (NH.QHBSV.003),Xiaomi,2,,111.5,2,1.0
FPTShop,543668642768,MSI Gaming Vector GP77 13VG-043VN i7 13700H,MSI,16,4.667,43.62,10,0.625
FPTShop,544356824135,Lenovo Yoga Slim 7 14IMH9 U5 125H (83CV00AHVN),Lenovo,5,4.8,76.2,0,0.0
FPTShop,545886425581,Acer Predator Helios Neo 16 PHN16-72-950P i9 14900HX,Xiaomi,1,,55.0,1,1.0
FPTShop,547235416981,Dell Inspiron 15 3520 i5 1235U_i5U165W11BLU-FP,Dell,5,5.0,212.8,0,0.0
FPTShop,548661510676,Asus Vivobook S15 OLED S5406MA-PP161W Ultra 5-125H,Xiaomi,32,4.167,61.78,20,0.625
FPTShop,551184011082,Lenovo IdeaPad Slim 3 14IRH10 i7-13620H (83K00009VN),Lenovo,14,4.8,48.5,9,0.6429
FPTShop,551597143000,MacBook Air 15 M2 2023 8CPU 10GPU/8GB/512GB/Sạc 70W,Xiaomi,5,4.8,105.6,1,0.2
FPTShop,554487313440,Dell Inspiron 15 3520 i5 1235U_71061229,Dell,23,5.0,81.13,18,0.7826
FPTShop,555454916870,Acer Aspire Lite 16 AI AL16-71P-5674 Ultra 5 125H,Acer,17,5.0,84.24,10,0.5882
FPTShop,556973412497,Lenovo Ideapad Slim 5 15IRU9 CORE 5_120U (83D00003VN),Lenovo,19,4.5,36.89,13,0.6842
FPTShop,557713838934,HP 250 G9 i5 1235U_AG2K7AT,HP,16,4.4,49.44,11,0.6875
FPTShop,558568429944,Macbook Air 15 M4 2025 10CPU/10GPU/24GB/512GB,Apple,6,4.6,88.5,2,0.3333
FPTShop,562862215986,Dell Inspiron N3530 i5 1334U_71043885,Dell,22,4.167,52.64,15,0.6818
FPTShop,563244915702,HP OmniBook 7 Aero 13-bg1083AU Ryzen Al 7 350 (BZ7R9PA),HP,6,5.0,212.17,1,0.1667
FPTShop,564670634182,Asus Gaming ROG Strix G615LR-S5289W U7-255HX,Asus,8,5.0,195.88,3,0.375
FPTShop,565048216314,Dell Inspiron N3520 i5 1235U_71045026,Dell,19,4.167,49.84,13,0.6842
FPTShop,565603011643,MSI Modern 15 B12MO-628VN i5 1235U,MSI,22,4.833,60.18,16,0.7273
FPTShop,565841217788,Dell Inspiron N5440 Core5 120U_N4I5211W1,Dell,19,4.167,62.42,13,0.6842
FPTShop,567216030002,Samsung Galaxy Chromebook GO XE310XDA-KA1VN Celeron N4500,Samsung,3,,52.0,3,1.0
FPTShop,569097133132,Lenovo Gaming LOQ 15ARP10E R7 7735HS (83S0006QVN),Lenovo,5,4.8,109.0,0,0.0
FPTShop,569356732268,MSI Gaming Sword 16 HX B14VEKG-039VN i7-14700HX,MSI,16,4.333,41.69,10,0.625
FPTShop,569660730160,MSI Gaming Katana 15 HX B14WEK-286VN i5 14450HX,MSI,11,5.0,62.36,0,0.0
FPTShop,570101712235,HP EliteBook 6 G1i Core Ultra 5 225H (BQ9M9PT),HP,5,4.6,107.8,0,0.0
FPTShop,570497827721,HP 14-ep1179TU Core 5 120U (C89ZSPA),HP,11,4.6,89.09,6,0.5455
FPTShop,572096238106,Asus Vivobook 15 OLED A1505VA-MA492W i7-13700H,Asus,29,4.0,74.41,17,0.5862
FPTShop,573705016967,Asus Vivobook Gaming V16 V3607VM-RP044W Core 7-240H,Asus,6,5.0,110.67,1,0.1667
FPTShop,574650330101,Asus Vivobook 15 X1502VA-BQ886W  i7-13620H,Asus,15,5.0,107.6,10,0.6667
FPTShop,574672530951,MacBook Pro 14 M4 Pro 2024 12CPU/16GPU/48GB/1TB 96W Nano,Apple,7,4.857,84.57,0,0.0
FPTShop,576605229337,Lenovo Ideapad Slim 3 - 15ABR8 R7 7730U (82XM00EHVN),Xiaomi,1,,37.0,1,1.0
FPTShop,578960914303,Lenovo IdeaPad Flex 5 14ABR8 R7 5825U (82XX00FWVN),Lenovo,5,4.8,51.6,0,0.0
FPTShop,586912613210,Dell 15 DC15250 i7 1355U (71084747),Dell,7,4.857,79.14,0,0.0
FPTShop,587570329771,MacBook Pro 14 inch M5 2025 10CPU/10GPU/32GB/1TB 96W,Apple,6,5.0,107.33,0,0.0
FPTShop,588595511836,Lenovo ThinkPad T14 Gen 4 R5 PRO 7540U (21K3006WVN),Xiaomi,4,,37.0,4,1.0
FPTShop,589840227195,Asus Vivobook X1404VA-EB355W Core 7 150U,Asus,5,4.6,108.8,0,0.0
FPTShop,595590528078,MSI Gaming Katana 15 B13UDXK-2213VN i5 13500H,MSI,29,4.0,72.55,13,0.4483
FPTShop,600820810362,Lenovo V15 G4 IRU i5 13420H (83A100G0VN),Lenovo,23,4.167,35.52,17,0.7391
FPTShop,601675011499,Acer Gaming Nitro ProPanel ANV15-41-R9M1 R5 7535HS,Acer,24,5.0,83.29,18,0.75
FPTShop,603643028313,Lenovo Ideapad Slim 5 - 16IMH9 Ultra 5 125H (83DC001RVN),Xiaomi,1,,29.0,1,1.0
FPTShop,604379534097,Lenovo Gaming LOQ E 15IAX9E i5 12450HX (83LK0079VN),Lenovo,142,4.429,56.82,137,0.9648
FPTShop,607220217632,Acer Gaming Nitro ProPanel ANV16S-61-R9ZV Ryzen 7 350,Acer,6,5.0,239.0,1,0.1667
FPTShop,611307815062,Asus TUF Gaming A15 FA506NCR-HN047W R7-7435HS,Asus,71,4.474,106.3,37,0.5211
FPTShop,611623124700,Gigabyte Gaming G5 MF5-H2VN353KH i7 13620H,Gigabyte,17,3.833,50.06,11,0.6471
FPTShop,611931427112,Asus TUF Gaming FA507NUR-LP101W R7-7435HS,Asus,41,4.8,86.0,28,0.6829
FPTShop,614478231918,MSI Gaming Thin A15 B7UCX-240VN R5-7535HS,MSI,33,4.167,36.82,27,0.8182
FPTShop,615023827674,HP 15-fd0235TU i5-1334U (9Q970PA),HP,34,5.0,44.71,28,0.8235
FPTShop,615341714165,Gigabyte Gaming G5 MF5-52VN353SH i5 13500H,Gigabyte,23,3.857,46.39,16,0.6957
FPTShop,616975225873,HP OmniBook Ultra Flip 14-fh0097TU U7-258V (BZ7S3PA),HP,8,4.8,61.62,3,0.375
FPTShop,617912611592,HP Gaming Victus 15-fb3116AX R7-7445HS_BX8U4PA,HP,5,5.0,64.4,0,0.0
FPTShop,623010011994,Máy tính xách tay Acer Gaming Aspire 5 A515-58GM-51LB i5 13420H/16GB/512GB/RTX2050 4GB/Win11_Xám,Acer,35,4.0,56.26,29,0.8286
FPTShop,623812926668,Gigabyte Gaming A16 CWHI3VN864SH i7 13620H/32GB/1TB,Gigabyte,5,4.8,87.4,0,0.0
FPTShop,624497637340,Gigabyte Gaming G6X 9MG i7 13650HX (9RC6L9MGHSJIX1VN000),Gigabyte,6,5.0,132.0,1,0.1667
FPTShop,625114028725,Asus TUF Gaming A15 FX507VU-LP315W i7-13620H,Asus,20,4.167,49.25,13,0.65
FPTShop,625644111110,MSI Gaming Crosshair 16 HX D2XWGKG-034VN U7 255HX,MSI,7,4.833,110.86,1,0.1429
FPTShop,627073135037,Lenovo Ideapad Slim 3 - 15ABR8 R7 5825U (82XM00MCVN),Lenovo,23,5.0,42.65,17,0.7391
FPTShop,628192014548,Asus Zenbook S 14 OLED UX5406SA-PV140WS Core Ultra 7-258V,Asus,7,5.0,156.43,1,0.1429
FPTShop,628610315143,Dell Latitude L3540 i5 1235U_42LTL354001,Xiaomi,17,4.167,35.53,11,0.6471
FPTShop,631659810795,Lenovo ThinkPad X1 Carbon Gen 12 Ultra 7 155H (21KC008NVN),Lenovo,1,,47.0,1,1.0
FPTShop,632617218002,Asus Vivobook S 16 OLED S5606CA-RI114WS Ultra 5-225H,Asus,8,5.0,139.75,3,0.375
FPTShop,632803433496,Asus TUF Gaming F16 FX607VU-RL045W Core 5-210H,Asus,19,5.0,72.37,14,0.7368
FPTShop,634869713583,Asus TUF Gaming FA507NU-LP045W R7 7735HS,Xiaomi,48,5.0,119.58,22,0.4583
FPTShop,635153939745,MSI Gaming Cyborg 15 B13WEKG-676VN i5 13420H,MSI,5,4.8,144.6,0,0.0
FPTShop,635332416307,MSI Gaming Katana 15 HX B14WEK-295VN i9-14900HX,MSI,5,5.0,250.8,0,0.0
FPTShop,637014413724,Lenovo Yoga Slim 7 14IMH9 Ultra 7 155H (83CV001UVN),Xiaomi,16,4.167,32.12,10,0.625
FPTShop,639565232958,Asus Vivobook S 14 S5406SA-PP060WS Core Ultra 5-226V,Asus,9,5.0,122.78,4,0.4444
FPTShop,639929424920,Acer Aspire 5 A515-58M-951T i9 13900H,Acer,7,5.0,147.14,0,0.0
FPTShop,640859430061,HP Gaming Victus 16-s0173AX R5-7640HS/A9LG9PA,HP,31,4.167,47.35,25,0.8065
FPTShop,642002438095,Lenovo Gaming Legion Slim 5 16AHP9 R7 8845HS (83DH003AVN),Lenovo,22,3.833,64.36,16,0.7273
FPTShop,645210410011,HP OmniBook 5 Flip X360 14-fp0057TU Core 5-120U (BZ7Q6PA),HP,5,4.8,84.0,0,0.0
FPTShop,646526026883,Asus Vivobook M1405NAQ-LY011W R7 170,Asus,5,5.0,84.6,0,0.0
FPTShop,646868412703,Acer Swift Lite 14 AI SFL14-51M-56HS U5 125U,Acer,30,4.091,49.87,20,0.6667
FPTShop,647082017316,Macbook Air M3 13 2024 8CPU 10GPU/16GB/512GB,Xiaomi,34,4.667,42.18,22,0.6471
FPTShop,651576724307,Lenovo Gaming LOQ 15IRX10 i7 13650HX (83JE00PEVN),Lenovo,7,5.0,82.71,3,0.4286
FPTShop,654626027814,Acer Aspire 5 A515-58P-56RP i5 1335U (NX.KHJSV.008),Acer,13,4.5,59.54,7,0.5385
FPTShop,654783037184,Macbook Air M2 13 2022 8CPU 10GPU/16GB/512GB,Xiaomi,33,4.417,50.15,21,0.6364
FPTShop,655579628910,Lenovo IdeaPad Slim 5 OLED 15ARP10 R7 7735HS (83J3002SVN),Lenovo,10,4.8,98.9,5,0.5
FPTShop,656689427508,Acer Gaming Nitro V 15 ProPanel ANV15-41-R7AP R5 7535HS,Acer,30,5.0,53.77,24,0.8
FPTShop,659321435353,Lenovo Ideapad Slim 3 - 15IRH10 i7 13620H (83K1000JVN),Lenovo,13,5.0,44.38,7,0.5385
FPTShop,659740526784,Asus TUF Gaming FX507VV-LP304W i7-13620H,Xiaomi,17,4.667,46.47,10,0.5882
FPTShop,661304126881,Acer Swift Go SFG14-41-R19Z R5 7530U (NX.KG3SV.001),Acer,23,4.833,67.78,17,0.7391
FPTShop,666356334786,Acer Aspire Lite 16 Gen 2 AL16-52P-572A i5 1334U,Acer,23,5.0,88.78,17,0.7391
FPTShop,666442225771,Asus Gaming ROG Zephyrus G16 GA605WI-QR156WS Ryzen AI 9 HX 370,Xiaomi,1,,28.0,1,1.0
FPTShop,667159010446,MSI Gaming Titan 18 HX AI A2XWJG-622VN U9 285HX,MSI,5,4.8,172.6,1,0.2
FPTShop,667266614702,Dell XPS 13 9350 Ultra7 258V_PP9H1,Dell,5,5.0,136.6,0,0.0
FPTShop,668826927630,MacBook Pro 16 M4 Pro 2024 14CPU/20GPU/48GB/512GB,Apple,5,4.6,160.0,0,0.0
FPTShop,671419933165,Macbook Air 15 M4 2025 10CPU/10GPU/16GB/256GB,Apple,12,4.2,58.58,6,0.5
FPTShop,674108111814,HP 245 G10 R7-7730U (BG5U8PT),HP,6,5.0,111.5,1,0.1667
FPTShop,677109810406,Lenovo Yoga 9 2in1 14IMH9 Ultra 7 155H (83AC000SVN),Lenovo,18,3.833,81.89,12,0.6667
FPTShop,678915531885,Lenovo ThinkPad E16 Gen 3 Ultra 5 225H (21SR002NVN),Lenovo,25,5.0,52.32,20,0.8
FPTShop,679022730369,MSI Gaming Katana 15 HX B14WFK-025VN i7 14650HX,MSI,12,5.0,73.17,6,0.5
FPTShop,680644720318,Acer Nitro V Gaming ANV15-51-91T5 i9 13900H,Acer,5,5.0,203.0,0,0.0
FPTShop,682586828678,MSI Gaming Katana 15 AI B8VG-465VN R7 8845HS,MSI,18,4.143,97.44,11,0.6111
FPTShop,683795029888,Lenovo Legion 5 15AHP10 R7-260 (83M0002XVN),Lenovo,7,4.6,101.71,2,0.2857
FPTShop,685168935939,Dell Inspiron 14 5440 Core 5-120U/16GB/1TB,Xiaomi,6,5.0,147.0,1,0.1667
FPTShop,690921025013,MacBook Pro 14 M4 2024 10CPU/10GPU/16GB/512GB,Xiaomi,14,4.571,71.36,8,0.5714
FPTShop,695306432524,HP Gaming Victus 15-fa2731TX i5-13420H_B85LNPA,HP,18,5.0,53.0,13,0.7222
FPTShop,698130926378,Acer Nitro 5 Tiger Gaming AN515-58-5193 i5 12450H,Acer,63,4.167,56.44,57,0.9048
FPTShop,700463411244,Acer Aspire Lite 15 AL15-72P-7232 i7-13620H,Acer,5,5.0,158.6,0,0.0
FPTShop,701241529190,Acer Nitro V Gaming ANV15-51-53NE i5 13420H,Acer,52,3.667,42.77,45,0.8654
FPTShop,701616636587,Lenovo V14 G5 IRL Intel Core I5 13420H,Lenovo,7,4.8,82.86,2,0.2857
FPTShop,706405913936,Dell 15 DC15250 i5-1334U (i5U165W11SLU-5),Dell,6,5.0,100.5,0,0.0
FPTShop,707030013631,HP OmniBook X Flip 14-fk0082AU AMD Ryzen Al 7 350 (BZ7N8PA),HP,9,4.6,78.78,4,0.4444
FPTShop,708793233419,Asus Vivobook Gaming K3605ZC-RP564W i5-12500H,Asus,48,4.636,87.21,27,0.5625
FPTShop,709425911126,Asus Zenbook 14 UM3406KA-PP590WS Ryzen AI 7 350,Asus,7,5.0,187.57,1,0.1429
FPTShop,710000416657,Asus Vivobook M1407GA-LY270W Ryzen AI 7 445,Asus,5,4.6,99.2,0,0.0
FPTShop,710552329100,Acer Nitro V Gaming ANV15-41-R1JY R5 6600H,Acer,11,4.8,94.36,6,0.5455
FPTShop,711644212361,Dell Inspiron 15 3530 i5 1334U,Dell,7,5.0,121.29,2,0.2857
FPTShop,714364011733,HP OmniBook X Flip 14-fk0092AU AMD AI 5 340 (BZ7P5PA),HP,1,,21.0,1,1.0
FPTShop,715177216923,HP OmniBook 7 14-fr0033TU Ultra 5-225U (C1MN2PA),HP,7,4.5,64.86,1,0.1429
FPTShop,717629310676,Dell Latitude L3540 i5 1235U_71038100,Dell,28,4.0,76.11,22,0.7857
FPTShop,717826325363,Lenovo ThinkPad E14 Gen 7 Intel Ultra 5 135H,Lenovo,3,,64.67,3,1.0
FPTShop,719268827740,HP Gaming Victus 16-r0367TX i7-13700HX_AY8Y0PA,HP,7,5.0,61.0,3,0.4286
FPTShop,721683032576,Asus Vivobook A1505VA-L1201W i9 13900H,Xiaomi,17,4.667,59.18,11,0.6471
FPTShop,721796423677,Dell Gaming G15 5530 i7 13650HX_71053700,Dell,9,5.0,136.67,4,0.4444
FPTShop,722441125863,Asus Vivobook S 16 OLED M5606KA-RI016WS Ryzen AI 7 350,Asus,11,5.0,126.82,6,0.5455
FPTShop,723212324646,Asus Vivobook Gaming V16 K3607VJ-RP106W Core 7- 240H,Asus,10,,54.7,10,1.0
FPTShop,723363725927,Dell Inspiron 15 3530  i5 1334U (i5U165W11SLU),Dell,9,5.0,122.89,4,0.4444
FPTShop,723965625418,Lenovo IdeaPad Slim 5 OLED 14IRH10 i5-13420H (83HR0001VN),Lenovo,8,4.8,83.75,4,0.5
FPTShop,730294411104,Dell Inspiron 15 3520 i5 1235U i5U165W11SLU (HS24),Dell,6,5.0,184.0,1,0.1667
FPTShop,732112428051,Asus Zenbook 14 OLED UX3405MA-PP588W Ultra 5-125H,Xiaomi,33,4.167,49.24,21,0.6364
FPTShop,737078817843,HP Spectre X360 14-eu0050TU U7-155H(A19BLPA),Xiaomi,17,4.0,46.88,11,0.6471
FPTShop,737747113548,MSI Gaming Katana 15 B13UDXK-2412VN i5 13420H,MSI,5,5.0,279.6,0,0.0
FPTShop,741127624775,Asus Vivobook X1404ZA-NK387W i3 1215U,Asus,81,4.974,110.93,43,0.5309
FPTShop,741367556191,MacBook Neo 13 8GB/256GB,Apple,29,4.75,64.93,21,0.7241
FPTShop,743385013925,Acer Gaming Nitro ProPanel ANV15-41-R7CR R5 7535HS,Acer,5,5.0,109.0,0,0.0
FPTShop,744543756257,MacBook Neo 13 8GB/512GB/Touch ID,Apple,10,5.0,96.5,5,0.5
FPTShop,747849839377,Asus Vivobook X1607CA-MB980W Ultra 5 225H,Asus,1,5.0,8.0,0,0.0
FPTShop,749072025782,Dell Inspiron N3520 i5 1235U_25P2311,Dell,24,4.0,61.12,14,0.5833
FPTShop,749111136749,Gigabyte Gaming G6X 9MG i7 13650HX (9RC6L9MGHSIIX1VN000),Gigabyte,11,5.0,64.91,7,0.6364
FPTShop,749902913454,Lenovo V15 G5 IRL i5 13420H (83HF00BVVN),Lenovo,1,,23.0,1,1.0
FPTShop,750417312088,Lenovo IdeaPad Slim 5 14IRH10R Core 5 210H (83J0006EVN),Lenovo,11,4.833,85.18,5,0.4545
FPTShop,753374811503,HP OmniBook X Flip 14-fm0076TU Ultra 7 258V (BZ7P6PA),HP,5,4.6,110.4,0,0.0
FPTShop,753709615102,Lenovo Yoga Slim 7 14IMH9 U5 125H (83CV008EVN),Lenovo,1,,85.0,1,1.0
FPTShop,754297510370,Dell 16 DC16251 Core 7 150U (DC6C7557W1),Dell,5,5.0,101.0,0,0.0
FPTShop,754757715051,MSI Gaming Katana A15 AI B8VE-402VN R7 8845HS,MSI,19,5.0,37.05,13,0.6842
FPTShop,756543911162,MSI Gaming Crosshair 16 HX D2XWGKG-072VN U7 255HX,MSI,6,5.0,95.0,0,0.0
FPTShop,758507712298,Lenovo ThinkPad T16 Gen 4 Ultra 225H (21QE0009VN),Lenovo,5,5.0,110.8,0,0.0
FPTShop,760192214174,Lenovo V15 G4 IRU i7-13620H (83A100RHVN),Lenovo,8,4.667,64.88,2,0.25
FPTShop,760277142068,HP ProBook 440 G10 i5 1340P (873B2PA),Xiaomi,1,,48.0,1,1.0
FPTShop,760277142441,HP Gaming Victus 16-e1104AX R7 6800H (7C0S9PA),Xiaomi,16,4.667,43.88,10,0.625
FPTShop,760277142627,HP Pavilion 14-dv2072TU i7 1255U (7C0W1PA),Xiaomi,1,,82.0,1,1.0
FPTShop,760277143745,Acer Aspire 3 A315-59-51X8 i5 1235U (NX.K6TSV.00F),Xiaomi,16,4.667,45.62,10,0.625
FPTShop,760277144677,Asus TUF Gaming FX507ZV4-LP041W i7 12700H,Xiaomi,3,5.0,125.0,1,0.3333
FPTShop,760277157534,Asus Zenbook Flip UP3404VA-KN039W i7 1360P,Xiaomi,4,5.0,128.25,1,0.25
FPTShop,760277157906,Asus Vivobook Flip TN3402YA-LZ188W R5 7530U,Xiaomi,115,5.0,117.73,59,0.513
FPTShop,764671220404,HP 245 G10 R5-7530U (A20TFPT),HP,46,4.0,46.78,40,0.8696
FPTShop,765614826690,HP 14-ep1200TU Ultra 7 155H/D0BG9PA,HP,7,4.857,127.43,0,0.0
FPTShop,766987427180,Acer Gaming Nitro Lite 16 NL16-71G-71UJ i7 13620H,Acer,14,5.0,68.79,9,0.6429
FPTShop,767886433209,Lenovo IdeaPad Slim 5 14IMH9 Ultra 5 125H (83DA001NVN),Lenovo,18,4.333,41.44,12,0.6667
FPTShop,770025031148,Lenovo IdeaPad Slim 5 14IMH9 U7-155H,Xiaomi,16,4.333,34.5,10,0.625
FPTShop,771713217625,Macbook Pro 14 M5 2025 10CPU/10GPU/16GB/512GB,Apple,5,4.8,120.0,0,0.0
FPTShop,772649336999,Lenovo Gaming Legion Pro 7 16IAX10H U9 275HX (83F5008WVN),Lenovo,6,5.0,88.67,0,0.0
