review_id,shop_id,item_id,user_id,rating_star,comment,created_at,like_count,product_items,source
Anh KhoiPD DX_201234,FPTShop,00925801,Anh KhoiPD DX,4.0,Máy dùng tốt,,0,,FPTShop
chi mai_199345,FPTShop,00925128,chi mai,5.0,siêu dth,,0,,FPTShop
Trần Minh Huy_185078,FPTShop,00922302,Trần Minh Huy,5.0,"Con máy này chạy mượt mà cực kỳ, chơi game hay làm việc đều ổn áp, pin thì lâu không ngờ luôn.",,0,,FPTShop
Phan Văn Hải_184943,FPTShop,00922302,Phan Văn Hải,4.0,"E này thiết kế đẹp mắt lắm mọi người ạ, màu đen huyền bí nhìn sang trọng mà cầm chắc tay nữa.",,0,,FPTShop
Huỳnh Thảo Vy_183464,FPTShop,00922302,Huỳnh Thảo Vy,4.0,"Con máy đáng đồng tiền bát gạo, mọi người cứ yên tâm mua nhé.",,0,,FPTShop
Ngô Minh Tuệ_183033,FPTShop,00922302,Ngô Minh Tuệ,5.0,Mình trước đã mua nhiều lần ở FPT nên đợt này tặng chồng con máy này cho nó dùng chơi game tiện.,,0,,FPTShop
Vũ Quốc Bảo_182839,FPTShop,00922302,Vũ Quốc Bảo,5.0,"Shop giao hàng nhanh quá, đóng gói cẩn thận lại nhân viên tư vấn nhiệt tình nữa chứ.",,0,,FPTShop
VŨ MINH HIẾU_174690,FPTShop,00922302,VŨ MINH HIẾU,5.0,Cũng ok,,0,,FPTShop
Huỳnh Ngọc Mai_184730,FPTShop,00923718,Huỳnh Ngọc Mai,5.0,"Con máy này mượt mà quá, mở nhiều app cùng lúc cũng không giật lag. Pin trâu đi làm cả ngày không cần sạc nữa.",,0,,FPTShop
Trần Văn Hùng_184729,FPTShop,00923718,Trần Văn Hùng,5.0,"Giao hàng nhanh chóng, đóng gói cẩn thận lại. Nhân viên nhiệt tình tư vấn lắm. Đúng chất FPT luôn rồi.",,0,,FPTShop
Ngô Văn Cường_184728,FPTShop,00923718,Ngô Văn Cường,4.0,"Tặng máy mới cho sếp nhân dịp thăng chức, anh ấy rất hài lòng. Trước giờ vẫn hay ủng hộ shop, lần này cũng vậy thôi.",,0,,FPTShop
Tạ Văn Lâm_184727,FPTShop,00923718,Tạ Văn Lâm,5.0,E mua đúng đợt sale giảm giá nên hốt được deal hời quá. Giá tốt mà khuyến mãi lại nhiều nữa. Shop FPT chơi đẹp thật.,,0,,FPTShop
Đặng Minh Tâm_183756,FPTShop,00923718,Đặng Minh Tâm,5.0,"Thiết kế đẹp sang trọng, màu bạc Glacier nhìn rất tinh tế. Cầm chắc tay mà mỏng nhẹ nữa.",,0,,FPTShop
Dương Thị Huyền_185203,FPTShop,00924152,Dương Thị Huyền,5.0,"Giao hàng siêu nhanh của FPT Shop, đóng gói kỹ lưỡng nữa chứ. Nhân viên nhiệt tình, tư vấn chu đáo. Đã yên tâm hẳn rồi.",,0,,FPTShop
Phạm Thị Hồng_184978,FPTShop,00924152,Phạm Thị Hồng,5.0,"Con máy này đáng tiền thật đấy, ổn từ ngoại hình đến hiệu năng. Mọi người có ý định mua thì chốt đơn ngay nhé.",,0,,FPTShop
Phan Quốc Huy_183081,FPTShop,00924152,Phan Quốc Huy,5.0,"Máy chạy siêu mượt mà, mở nhiều app vẫn không giật lag gì cả. Pin cũng trâu hơn mình nghĩ, chơi game cả ngày mới hết điện.",,0,,FPTShop
Tạ Thị Hoa_182904,FPTShop,00924152,Tạ Thị Hoa,5.0,"Thiết kế đẹp mắt, màn hình lớn nhìn đã mắt lắm. Cầm chắc tay, nhẹ nhàng dễ mang đi học làm việc mỗi ngày.",,0,,FPTShop
Lý Thị Xuân_182903,FPTShop,00924152,Lý Thị Xuân,5.0,"Mình trước mua con máy khác ở đây nên quen mặt, lần này tặng lại cho em trai cũng chọn FPT Shop vì tin tưởng chất lượng lắm.",,0,,FPTShop
Lý Gia Hân_185275,FPTShop,00919801,Lý Gia Hân,5.0,"Máy có thiết kế phẳng tinh tế, trọng lượng khá nhẹ so với kích thước 16 inch nên mang đi làm hàng ngày rất tiện. Các tính năng AI hỗ trợ lọc ồn và làm đẹp camera khi họp online hoạt động cực tốt. Dịch vụ giao hàng của shop rất nhanh gọn, thái độ nhân viên rất chuyên nghiệp.",,0,,FPTShop
Vũ Quang Thịnh_184291,FPTShop,00919801,Vũ Quang Thịnh,5.0,"Bàn phím full-size có độ nảy tốt, gõ văn bản cả ngày không thấy mỏi tay. RAM 16GB đảm bảo máy chạy mượt mà mọi ứng dụng đa nhiệm. Bạn tư vấn viên tại cửa hàng am hiểu kỹ thuật, giải thích rõ các lợi ích của chip Ultra thế hệ mới rất tận tình.",,0,,FPTShop
Phan Văn Trung_184290,FPTShop,00919801,Phan Văn Trung,5.0,"Sản phẩm đúng chất lượng Acer, hoàn thiện chắc chắn và thẩm mỹ cao. Đội ngũ kỹ thuật hỗ trợ mình kiểm tra máy và dán màn hình rất cẩn thận ngay tại cửa hàng. Cảm ơn shop đã cung cấp sản phẩm chính hãng với mức giá cạnh tranh và phục vụ nhiệt tình.",,0,,FPTShop
Hoàng Văn Thi_183713,FPTShop,00919801,Hoàng Văn Thi,5.0,"Một chiếc laptop AI hoàn hảo cho dân văn phòng và sinh viên cần màn hình lớn để làm việc. Pin của máy khá bền, đủ dùng cho một buổi họp dài mà không cần cắm sạc. Quy trình mua hàng tại hệ thống rất chuyên nghiệp, hậu mãi chu đáo khiến mình rất yên tâm.",,0,,FPTShop
Nguyễn Hải Yến_183316,FPTShop,00919801,Nguyễn Hải Yến,5.0,"Dòng Aspire Lite 16 mới tích hợp AI dùng cực thích, chip Ultra 7 xử lý công việc văn phòng và đồ họa nhẹ nhanh hơn hẳn các đời trước. Màn hình FHD+ 16 inch viền mỏng nhìn rất hiện đại và thoáng đãng. Nhân viên FPT Shop tư vấn mẫu này rất đúng ý mình về một chiếc máy mỏng nhẹ nhưng mạnh mẽ.",,0,,FPTShop
Đặng Ngọc Hậu_142216,FPTShop,00919801,Đặng Ngọc Hậu,5.0,"Thiết kế máy nhìn hiện đại, viền màn hình mỏng, vỏ hoàn thiện tốt — khi mang đi làm hoặc mang ra cà phê trông cũng “xịn” hơn máy bình thường.",,0,,FPTShop
Lê Bảo Minh_185276,FPTShop,00920582,Lê Bảo Minh,5.0,"Thời lượng pin thực tế của dòng chip Ultra 5 này rất ấn tượng, mình mang đi làm cả ngày không cần sạc vẫn thoải mái. Quy trình bảo hành chính hãng và dịch vụ chăm sóc khách hàng của shop làm mình rất hài lòng và yên tâm khi sử dụng.",,0,,FPTShop
Lê Ngọc Huyền_184308,FPTShop,00920582,Lê Ngọc Huyền,5.0,"Dòng Yoga Slim 7 mới dùng chip Ultra 5 thực sự là một cuộc cách mạng về pin và hiệu năng AI, máy chạy cực mát và êm. Màn hình OLED 2.8K hiển thị màu sắc đẹp xuất sắc, màu đen sâu và độ chi tiết cực cao. Cảm ơn bạn nhân viên FPT Shop đã tư vấn cho mình mẫu laptop sang xịn này.",,0,,FPTShop
Hoàng Minh Nhật_184307,FPTShop,00920582,Hoàng Minh Nhật,5.0,"Thiết kế nhôm nguyên khối siêu mỏng nhẹ, cầm trên tay cảm giác rất cao cấp và chắc chắn. Các tính năng AI hỗ trợ lọc ồn và làm đẹp camera khi họp online hoạt động cực tốt. Dịch vụ giao nhận của shop rất nhanh chóng, nhân viên phục vụ niềm nở và tận tâm.",,0,,FPTShop
Đỗ Trọng Nghĩa_184306,FPTShop,00920582,Đỗ Trọng Nghĩa,5.0,"Bàn phím của Lenovo vẫn là đỉnh cao, gõ văn bản cả ngày không thấy mỏi, Touchpad cũng rất nhạy và mượt. Máy có sẵn Windows 11 và Office bản quyền trọn đời nên mua về là dùng được ngay rất tiện. Bạn tư vấn viên hỗ trợ mình cài đặt máy rất nhiệt tình.",,0,,FPTShop
Trần Thị Huyền_183411,FPTShop,00920582,Trần Thị Huyền,5.0,"Laptop mỏng nhẹ nhưng hiệu năng rất mạnh mẽ, xử lý các tác vụ văn phòng và đồ họa nhẹ nhanh như chớp. Đội ngũ kỹ thuật dặn dò kỹ về cách sử dụng máy sao cho bền và hiệu quả nhất. Thái độ chuyên nghiệp của toàn bộ nhân viên hệ thống xứng đáng 10 điểm.",,0,,FPTShop
Nguyễn Thị Thu Hồng_145667,FPTShop,00920582,Nguyễn Thị Thu Hồng,4.0,"Loa nghe ổn, hội họp online hoặc xem video giảng dạy đều rõ tiếng.",,0,,FPTShop
Lý Thị Xuân_184335,FPTShop,00921487,Lý Thị Xuân,5.0,"Phiên bản màn hình cảm ứng này dùng cực kỳ tiện, thao tác vuốt chạm rất nhạy và giúp mình ghi chú nhanh trong các buổi họp. Chip Ryzen AI 7 thế hệ mới xử lý công việc cực bốc, hiệu năng vượt trội. Nhân viên shop tư vấn mẫu này rất phù hợp cho dân văn phòng cần sự linh hoạt.",,0,,FPTShop
Trần Ngọc Hân_184334,FPTShop,00921487,Trần Ngọc Hân,5.0,"Trải nghiệm các tính năng AI hỗ trợ lọc ồn và làm đẹp camera trên dòng OmniBook này rất xuất sắc. Bàn phím gõ êm, hành trình phím sâu giúp mình soạn thảo văn bản cả ngày không thấy mỏi. Bạn tư vấn viên hỗ trợ mình cài đặt máy rất nhiệt tình, chu đáo.",,0,,FPTShop
Bùi Văn Long_184333,FPTShop,00921487,Bùi Văn Long,5.0,"Thời lượng pin thực tế của máy rất tốt, dùng cả ngày dài mà không cần quá lo lắng về việc sạc pin. Quy trình bảo hành chính hãng tại shop rõ ràng nên mình cực kỳ yên tâm khi sử dụng. Rất hài lòng với sự tận tâm của đội ngũ nhân viên FPT Shop.",,0,,FPTShop
Trịnh Bích Phượng_182970,FPTShop,00921487,Trịnh Bích Phượng,5.0,"Màn hình 16 inch cảm ứng nhưng vẫn giữ được độ mỏng nhẹ ấn tượng, màu sắc hiển thị rất trung thực và sắc nét. Dịch vụ giao nhận của shop rất đúng hẹn, nhân viên phục vụ niềm nở làm mình thấy rất hài lòng. Máy có sẵn Windows 11 và Office bản quyền cực kỳ tiện lợi.",,0,,FPTShop
Lý Quang Khải_182969,FPTShop,00921487,Lý Quang Khải,5.0,"Sản phẩm hoàn hảo, thiết kế phẳng hiện đại mang lại cảm giác chuyên nghiệp khi mang đi gặp đối tác. Đội ngũ kỹ thuật viên dặn dò kỹ về cách bảo vệ màn hình cảm ứng và sử dụng pin hiệu quả. Thái độ phục vụ 10 điểm cho toàn hệ thống.",,0,,FPTShop
Bùi Văn Thành_185091,FPTShop,00922641,Bùi Văn Thành,5.0,"Con máy này đáng đồng tiền bát gạo, mượt mà và hiệu năng tốt, mọi người nên mua nhé.",,0,,FPTShop
Đinh Hữu Nghĩa_185090,FPTShop,00922641,Đinh Hữu Nghĩa,5.0,Mình trước mua ở đây con laptop khác thấy ok nên hôm nay lại qua đây mua tặng vợ nhân dịp sinh nhật. Thấy yên tâm hẳn.,,0,,FPTShop
Bùi Khánh Linh_184964,FPTShop,00922641,Bùi Khánh Linh,4.0,"Sử dụng mượt mà quá trời, mở nhiều app cùng lúc vẫn không lag. Pin trâu chạy cả ngày mà chưa hết điện.",,0,,FPTShop
Ngô Thị Xuân_183674,FPTShop,00922641,Ngô Thị Xuân,5.0,"E này đẹp dữ, nhìn sang trọng mà cầm chắc tay nữa. Màn hình lớn lại sắc nét, thích luôn.",,0,,FPTShop
Võ Tuấn Kiệt_182850,FPTShop,00922641,Võ Tuấn Kiệt,5.0,"Shop giao hàng nhanh cực kỳ, đóng gói cẩn thận. Nhân viên tư vấn nhiệt tình lắm.",,0,,FPTShop
Mai Văn Hà_185202,FPTShop,00924150,Mai Văn Hà,5.0,Mình trước sắm cho em gái cái Rimbook khác ở đây rồi thấy ok. Nay mua tặng bố cũng yên tâm chất lượng shop FPT.,,0,,FPTShop
Nguyễn Văn Thắng_185201,FPTShop,00924150,Nguyễn Văn Thắng,5.0,"Giá hời quá bác ơi, may mắn mua đợt sale. Màn hình nét, chạy trơn ruột nhưng hơi nóng tí khi load nặng. Nói chung vẫn xứng đáng đầu tư.",,0,,FPTShop
Nguyễn Văn Hòa_185200,FPTShop,00924150,Nguyễn Văn Hòa,5.0,"E này mỏng nhẹ quá, dùng ok lắm. Đáng tiền thật, mọi người nên thử.",,0,,FPTShop
Dương Văn Chiến_184977,FPTShop,00924150,Dương Văn Chiến,5.0,"Thiết kế đẹp phết, màn hình sắc nét nhìn đã mắt. Nhẹ mà cầm chắc tay lắm, thích mê.",,0,,FPTShop
Tạ Văn Quý_183487,FPTShop,00924150,Tạ Văn Quý,5.0,"Giao hàng nhanh, đóng gói kỹ càng. Nhân viên nhiệt tình tư vấn và hướng dẫn sử dụng luôn. Rất hài lòng.",,0,,FPTShop
Đinh Thanh Tùng_184998,FPTShop,00924497,Đinh Thanh Tùng,5.0,Thiết kế đẹp mắt và sang trọng thật sự. Chắc chắn cầm chắc tay mà không hề nặng.,,0,,FPTShop
Đỗ Quốc Hùng_184997,FPTShop,00924497,Đỗ Quốc Hùng,5.0,"Nhân viên ở FPT nhiệt tình quá, đóng gói cẩn thận, giao hàng nhanh chóng nữa. Đảm bảo an tâm từ A đến Z luôn.",,0,,FPTShop
Mai Thị Duyên_184996,FPTShop,00924497,Mai Thị Duyên,5.0,"E này dùng mượt lắm luôn, mở nhiều app cùng lúc mà không bị lag tí nào. Pin cũng trâu nữa, làm việc cả ngày không cần sạc.",,0,,FPTShop
Trịnh Văn Nghĩa_182921,FPTShop,00924497,Trịnh Văn Nghĩa,4.0,"Con máy này đáng đồng tiền bát gạo lắm, cấu hình tốt mà giá lại hợp lý. Mọi người nên xem xét nha.",,0,,FPTShop
Ngô Thị Thúy_182920,FPTShop,00924497,Ngô Thị Thúy,5.0,"Mình trước đã mua laptop của FPT rồi nên thấy yên tâm. Lần này mua tặng sếp, thấy rất hài lòng về chất lượng và dịch vụ ở đây.",,0,,FPTShop
Đặng Văn Tài_184293,FPTShop,00919962,Đặng Văn Tài,5.0,Trải nghiệm các tính năng AI mới của MSI giúp tối ưu hóa pin và hiệu năng máy rất thông minh. Bàn phím có đèn nền hỗ trợ làm việc ban đêm cực tốt. Bạn tư vấn viên tại quầy hỗ trợ mình làm thủ tục mua hàng và tặng kèm túi xách MSI rất xịn xò.,,0,,FPTShop
Đinh Mỹ Duyên_184292,FPTShop,00919962,Đinh Mỹ Duyên,5.0,"Laptop dùng ổn định, không hề lỗi vặt. Đội ngũ kỹ thuật viên dặn dò kỹ về cách sử dụng máy sao cho bền và hiệu quả nhất. Thái độ phục vụ của toàn bộ nhân viên hệ thống xứng đáng nhận 10 điểm về sự chuyên nghiệp và thân thiện.",,0,,FPTShop
Đỗ Hữu Nghĩa_183714,FPTShop,00919962,Đỗ Hữu Nghĩa,5.0,"Sản phẩm mỏng nhẹ nhưng hiệu năng không thua gì các dòng máy lớn, rất hợp cho những ai hay phải di chuyển. Quy trình bảo hành và chăm sóc khách hàng của shop rất tốt, mình được hướng dẫn cài đặt mọi thứ từ đầu đến cuối rất tận tâm.",,0,,FPTShop
Võ Minh Tâm_183515,FPTShop,00919962,Võ Minh Tâm,5.0,"Dòng Modern 15 H năm nay nâng cấp lên chip Ultra 7 255H chạy cực bốc, xử lý đa nhiệm hay render nhẹ đều mượt mà nhờ hỗ trợ của AI. Thiết kế màu sắc sang trọng, cầm nắm rất chắc tay. Cảm ơn bạn nhân viên FPT Shop đã tư vấn cho mình mẫu laptop vừa đẹp vừa mạnh này.",,0,,FPTShop
Lê Văn Hà_183059,FPTShop,00919962,Lê Văn Hà,5.0,"Màn hình 15.6 inch hiển thị sắc nét, độ sáng tốt làm việc ngoài trời vẫn rất rõ ràng. Máy chạy cực êm, hệ thống tản nhiệt được cải tiến nên không hề nghe tiếng ồn khó chịu. Dịch vụ giao hàng nhanh chóng, đúng lịch hẹn làm mình rất thoải mái khi mua sắm.",,0,,FPTShop
Ngô Quang Lộc_144304,FPTShop,00919962,Ngô Quang Lộc,5.0,"Máy nhìn bên ngoài màu đen nhám, không bóng loáng nhưng nhìn nghiêm túc, dễ phối đồ. Mình mang máy đi họp khách hàng, thấy cũng lịch sự chứ không “hầm hố” như mấy laptop gaming.",,0,,FPTShop
Hoàng Văn Hưng_184742,FPTShop,00923724,Hoàng Văn Hưng,4.0,"Mua đúng đợt khuyến mãi nên được tặng túi lộc và lì xì thêm nữa, giá quá hời so với chất lượng máy.",,0,,FPTShop
Đỗ Thị Thu_184741,FPTShop,00923724,Đỗ Thị Thu,4.0,"Đóng gói cẩn thận, giao hàng nhanh gọn lẹ. Nhân viên tư vấn nhiệt tình, hỗ trợ mình tận tâm từ A đến Z.",,0,,FPTShop
Trịnh Văn Thành_184740,FPTShop,00923724,Trịnh Văn Thành,4.0,"Con máy này đúng là đáng đồng tiền bát gạo, màn hình sắc nét, pin lâu, hiệu năng ổn, chốt đơn ngay mà không cần đắn đo gì cả.",,0,,FPTShop
Phạm Thị Thủy_184739,FPTShop,00923724,Phạm Thị Thủy,4.0,"Mình trước đã mua con Dell khác ở đây rồi, nên lần này quyết định mua tặng e này cho em gái. FPT Shop vẫn giữ được chất lượng tốt như xưa.",,0,,FPTShop
Ngô Gia Khang_184738,FPTShop,00923724,Ngô Gia Khang,5.0,"Máy chạy cực mượt với chip i7, mở hàng tá ứng dụng vẫn không giật lag. Pin cũng trâu bò, đi làm cả ngày chỉ cần sạc tối là đủ.",,0,,FPTShop
Trần Gia Hân_184624,FPTShop,00915959,Trần Gia Hân,5.0,"Thiết kế của dòng Zenbook này đạt đến độ tinh tế hoàn hảo. Máy siêu mỏng nhẹ, cầm trên tay cảm giác rất cao cấp và chắc chắn. Đây là người bạn đồng hành lý tưởng cho những người thường xuyên phải di chuyển và làm việc bên ngoài.",,0,,FPTShop
Nguyễn Văn Vinh_184623,FPTShop,00915959,Nguyễn Văn Vinh,5.0,"Màn hình 3K OLED Touch thực sự là một trải nghiệm thị giác đỉnh cao. Độ chi tiết sắc nét đến từng điểm ảnh, màu sắc rực rỡ và khả năng cảm ứng mượt mà giúp việc lướt web hay xử lý tài liệu trở nên trực quan và thú vị hơn rất nhiều.",,0,,FPTShop
Phan Khánh An_183747,FPTShop,00915959,Phan Khánh An,5.0,"Asus Zenbook 14 OLED là sự lựa chọn không thể tuyệt vời hơn cho những ai tìm kiếm sự cân bằng giữa hiệu năng mạnh mẽ và tính thẩm mỹ cao. Một cỗ máy làm việc sang trọng, thông minh và cực kỳ bền bỉ.",,0,,FPTShop
Lý Thị Hà_183238,FPTShop,00915959,Lý Thị Hà,5.0,"Một chiếc AI PC thực thụ với nhân NPU chuyên dụng. Các tính năng AI hỗ trợ làm mờ nền, khử nhiễu âm thanh khi họp online hoạt động cực tốt, giúp mình luôn xuất hiện một cách chuyên nghiệp nhất trong các cuộc gọi trực tuyến.",,0,,FPTShop
Lê Hồng Vân_182725,FPTShop,00915959,Lê Hồng Vân,5.0,"Hệ thống âm thanh được tinh chỉnh bởi Harman Kardon cho chất âm trong trẻo và có chiều sâu kinh ngạc cho một thiết kế mỏng nhẹ. Kết hợp với màn hình OLED, đây là thiết bị giải trí cá nhân tuyệt vời sau những giờ làm việc căng thẳng.",,0,,FPTShop
Nguyên_174236,FPTShop,00915959,Nguyên,,"Máy bao nóng, nhiệt độ máy lúc nào cũng thầy ~60, 70 độ, bám vân tay cực kỳ, trông cứ bẩn bẩn, quạt cứ ào ào ồ ồ trong khi chỉ làm việc nhẹ nhàng, còn máy 27 củ thì không phải bàn tới hiệu năng",,1,,FPTShop
Trần Tấn Lộc_145335,FPTShop,00920701,Trần Tấn Lộc,5.0,Pin dùng thực tế khoảng 5–6 giờ với công việc văn phòng,,0,,FPTShop
Đinh Bảo Long_144702,FPTShop,00920701,Đinh Bảo Long,5.0,Giao hàng nhanh đúng hẹn và hỗ trợ cài đặt,,0,,FPTShop
Hoàng Văn Khánh_144492,FPTShop,00920701,Hoàng Văn Khánh,5.0,"Mình mua sản phẩm, nhân viên FPT Shop giao nhanh, test máy trước khi nhận, rất hài lòng. Nhưng sau khi dùng 1 tuần, máy có lúc tự tắt màn hình khi chuyển chế độ xoay 360 độ (có thể là phần mềm). Mình đã cập nhật driver thì ổn hơn. Dù vậy, dịch vụ bán hàng rất tốt",,0,,FPTShop
Đỗ Khánh Linh_144350,FPTShop,00920701,Đỗ Khánh Linh,5.0,"Dùng máy để chỉnh ảnh + thiết kế nhẹ, màu màn hình rất đẹp, Pen hoạt động khá nhạy. Nhưng mà khi render lâu máy hơi ấm — nếu dùng điều kiện mát thì ok. Tổng quan vẫn thấy đáng cho phân khúc này",,0,,FPTShop
Võ Quốc Bảo_141402,FPTShop,00920701,Võ Quốc Bảo,5.0,"Mình dùng Office, Zoom, trình chiếu thì mượt, máy lên rất nhanh. Nhược điểm là loa hơi mỏng, nghe nhạc nếu to thì mất tiếng bass.",,0,,FPTShop
Ngô Quốc Cường_185319,FPTShop,00923147,Ngô Quốc Cường,5.0,"E này cấu hình mạnh mà giá lại tốt, mượt mà không chê vào đâu được. Đáng đồng tiền bỏ ra.",,0,,FPTShop
Hồ Văn Lộc_184670,FPTShop,00923147,Hồ Văn Lộc,4.0,Đúng đợt sale giảm giá hời nên mình nhanh tay chốt đơn luôn. Giá thành hợp lý so với chất lượng máy.,,0,,FPTShop
Trần Đức Thịnh_184669,FPTShop,00923147,Trần Đức Thịnh,5.0,"Nhân viên tư vấn nhiệt tình, đóng gói kỹ càng, nhận hàng nhanh chóng quá. Phải nói là phục vụ chu đáo.",,0,,FPTShop
Đinh Khánh Ngọc_183441,FPTShop,00923147,Đinh Khánh Ngọc,5.0,"Sử dụng ok lắm luôn, chạy nhanh và mượt mà, pin thì trụ lâu, làm việc cả ngày không lo hết điện.",,0,,FPTShop
Đặng Thiên Long_182747,FPTShop,00923147,Đặng Thiên Long,5.0,Mình trước đã mua con khác của FPT rồi thấy ổn nên đợt này tặng cho bố một cái. An tâm về chất lượng lắm.,,0,,FPTShop
Hoàng Gia Hân_144488,FPTShop,00919190,Hoàng Gia Hân,5.0,"Cổng kết nối rất hợp lý: USB-C hỗ trợ sạc & xuất video, USB-A, HDMI, đủ để mình kết nối màn ngoài, ổ cứng gắn ngoài mà không cần hub. WiFi 6E rất ổn định, chưa gặp hiện tượng mất mạng khi học/truyền video.",,0,,FPTShop
Dương Văn Toản_142093,FPTShop,00919190,Dương Văn Toản,5.0,"Màn hình OLED đẹp nhưng hơi phản chiếu khi dùng ngoài trời; cần tăng độ sáng để nhìn rõ hơn. Quạt máy khi dùng nhẹ hầu như không nghe, khi làm việc nặng thì bắt đầu có tiếng, nhưng không đến mức khó chịu.",,0,,FPTShop
Doãn Thị Thu_142092,FPTShop,00919190,Doãn Thị Thu,5.0,"Khởi động và mở ứng dụng nhanh nhờ SSD 1TB và cấu hình mạnh mẽ. Mình mở ứng dụng, file ảnh lớn rất nhanh, không phải chờ. Máy đáp ứng tốt cho nhu cầu học tập + sáng tạo nhẹ.",,0,,FPTShop
Trần Thị Bích Ngọc_142091,FPTShop,00919190,Trần Thị Bích Ngọc,5.0,"Thiết kế máy rất sang, vỏ hợp kim nhôm nhìn cao cấp. Khi mang đi học / làm việc thì trọng lượng nhẹ giúp đỡ rất nhiều. Bàn phím gõ êm, hành trình phím vừa phải.",,0,,FPTShop
Hầu A Chử_142090,FPTShop,00919190,Hầu A Chử,5.0,"Máy cực kỳ mượt khi làm việc đa nhiệm — mình mở Chrome nhiều tab, Photoshop nhẹ, Word, cùng lúc mà máy vẫn ổn định. Màn hình OLED 3K cho màu sắc sống động, độ tương phản cao, xem phim hay chỉnh ảnh rất đã mắt.",,0,,FPTShop
Vũ Thị Hương_145507,FPTShop,00919945,Vũ Thị Hương,5.0,"Quạt kêu hơi to khi full load, nhưng bù lại máy mát. FPT nhân viên vui vẻ, nhiệt tình.",,0,,FPTShop
Thào Thị Súa_144749,FPTShop,00919945,Thào Thị Súa,5.0,"Máy có nhiều cổng kết nối, tiện cắm màn rời. FPT hỗ trợ trả góp lãi suất thấp.",,0,,FPTShop
Ngô Văn Hiếu_144495,FPTShop,00919945,Ngô Văn Hiếu,5.0,"Card RTX 5070 quá mạnh, chơi game 2K max setting ngon. FPT hỗ trợ cài game test ngay tại shop.",,0,,FPTShop
Nguyễn Văn Hưng_143070,FPTShop,00919945,Nguyễn Văn Hưng,5.0,"Pin chỉ đủ làm việc nhẹ khoảng 3 tiếng, nhưng sạc nhanh. FPT giải thích rõ chính sách đổi trả trước khi bán.",,0,,FPTShop
Trịnh Minh Châu_141462,FPTShop,00919945,Trịnh Minh Châu,5.0,"Ổ 1TB cài game thoải mái. Nhân viên tư vấn tận tình, còn giúp mình kích hoạt bảo hành online.",,0,,FPTShop
Phan Hoài Nam_145594,FPTShop,00920147,Phan Hoài Nam,5.0,"Cổng kết nối đầy đủ, dễ dàng kết nối màn hình ngoài và phụ kiện. Bàn phím RGB đẹp, gõ thoải mái. GPU RTX 5070 mạnh, chơi game AAA mượt. Tản nhiệt hiệu quả, máy luôn mát.",,0,,FPTShop
Trần Hồng Ân_144345,FPTShop,00920147,Trần Hồng Ân,5.0,"Trả góp 0% cực tiện, thủ tục nhanh gọn. Nhân viên hướng dẫn chi tiết, cảm giác yên tâm khi mua máy.",,0,,FPTShop
Võ Anh Tú_143795,FPTShop,00920147,Võ Anh Tú,5.0,"Thiết kế chắc chắn, build tốt, cầm đầm tay. Chơi game AAA mượt, FPS ổn định. GPU RTX 5070 xử lý ray tracing tốt. SSD 1TB tốc độ cao, lưu dữ liệu thoải mái.",,0,,FPTShop
Lê Thanh Vân_142237,FPTShop,00920147,Lê Thanh Vân,5.0,"Mình dùng máy chơi Cyberpunk 2077 ở setting cao, FPS rất ổn định, máy không lag. Màn hình 16” tần số quét 165Hz hình ảnh mượt, màu sắc đẹp. Build chắc chắn, cảm giác cầm đầm tay. Quạt hơi ồn khi chơi lâu nhưng không khó chịu.",,0,,FPTShop
Ngô Đức Toàn_141652,FPTShop,00920147,Ngô Đức Toàn,5.0,"Máy chiến tốt mọi game AAA, SSD 1TB mở game cực nhanh. Bàn phím RGB gõ êm, thao tác thoải mái cả ngày. Màn hình rộng 16” giúp đa nhiệm hiệu quả, hiển thị đẹp mắt.",,0,,FPTShop
Đỗ Khánh Linh_144990,FPTShop,00920450,Đỗ Khánh Linh,5.0,"bảo hành lâu dài nên tôi yên tâm sử dụng, mong sản phẩm không gặp lỗi",,0,,FPTShop
Trần Yến Nhi_143910,FPTShop,00920450,Trần Yến Nhi,4.0,"Sản phẩm nhiều tính năng mới quá, tiện ích cho việc chọn lọc thông tin cũng như làm dự án",,0,,FPTShop
Phan Anh Khoa_143251,FPTShop,00920450,Phan Anh Khoa,5.0,"Chơi game quá mượt, tiếng ồn hầu như là bé li ti",,0,,FPTShop
Trần Tấn Lộc_142579,FPTShop,00920450,Trần Tấn Lộc,4.0,"Chơi 2 3 tiếng bắt đầu hơi nóng máy nhưng quạt tản nhiệt làm việc rất tốt, một lúc là ổn định",,0,,FPTShop
Trần Quang Long_142578,FPTShop,00920450,Trần Quang Long,5.0,Máy có tính năng Ai hỗ trợ tốt hơn các dòng khác hẳn,,0,,FPTShop
Đức_136394,FPTShop,00920450,Đức,,"Thử so với mấy hãng khác cùng tầm, Katana nhỉnh hơn",,0,,FPTShop
Lý Thị Thơm_185079,FPTShop,00922309,Lý Thị Thơm,5.0,"Con máy này chạy cực kỳ mượt mà, mở nhiều ứng dụng cùng lúc cũng không giật lag gì cả. Pin thì kéo dài suốt ngày làm việc, khỏi lo phải sạc liên tục.",,0,,FPTShop
Võ Trọng Hiếu_184946,FPTShop,00922309,Võ Trọng Hiếu,5.0,"E này thiết kế đẹp mê ly luôn, vỏ nhôm nguyên khối sang chảnh lắm, cầm chắc tay nữa, nhìn là muốn mua ngay ấy.",,0,,FPTShop
Mai Thị Nhung_182843,FPTShop,00922309,Mai Thị Nhung,5.0,"Tóm lại là máy xịn, đáng tiền lắm mọi người ạ, mình rất hài lòng và recommend mọi người mua ngay con này nhé.",,0,,FPTShop
Đỗ Thị Thơ_182842,FPTShop,00922309,Đỗ Thị Thơ,5.0,"Mình trước mua cho sếp con Thinkpad khác cũng ở đây rồi, thấy chất lượng ổn nên lần này lại ủng hộ tiếp. Đảm bảo sếp sẽ thích mê.",,0,,FPTShop
Võ Đức Thắng_182841,FPTShop,00922309,Võ Đức Thắng,4.0,"Shop FPT giao hàng siêu nhanh, đóng gói cẩn thận lắm. Nhân viên tư vấn nhiệt tình, giải đáp mọi thắc mắc của mình một cách dễ hiểu.",,0,,FPTShop
VĂN HƯNG_197848,FPTShop,00921929,VĂN HƯNG,5.0,laptop mới và đẹp rất là mê😍😍😍,,0,,FPTShop
Huỳnh Thảo Vy_184936,FPTShop,00921929,Huỳnh Thảo Vy,5.0,"Con máy này đáng đồng tiền bát gạo, chất lượng tốt, mọi người nên cân nhắc mua nhé.",,0,,FPTShop
Hồ Văn Khoa_184935,FPTShop,00921929,Hồ Văn Khoa,4.0,"Shop giao hàng siêu tốc, đóng gói kỹ càng. Nhân viên nhiệt tình tư vấn tận tâm nữa.",,0,,FPTShop
Đặng Thị Thảo_184934,FPTShop,00921929,Đặng Thị Thảo,5.0,"Con máy chạy nhanh không tưởng, mở nhiều app vẫn mượt mà. Pin thì trâu bò, đi làm cả ngày chỉ cần sạc buổi tối thôi.",,0,,FPTShop
Nguyễn Văn Kiên_182836,FPTShop,00921929,Nguyễn Văn Kiên,4.0,Mình trước dùng con dell khác thấy ok nên lần này mua tặng em trai nó cũng thích mê luôn.,,0,,FPTShop
Phan Văn Thịnh_182835,FPTShop,00921929,Phan Văn Thịnh,5.0,"E này màu bạc sang trọng, viền màn hình mỏng nhìn thích mắt, cầm chắc tay lắm.",,0,,FPTShop
Ngô Quốc Việt_185360,FPTShop,00924297,Ngô Quốc Việt,5.0,"Máy đẹp mắt, sang trọng với tông màu bạc thời thượng. Cầm chắc tay, thiết kế mỏng nhẹ tiện lợi khi di chuyển.",,0,,FPTShop
Mai Thùy Chi_185208,FPTShop,00924297,Mai Thùy Chi,5.0,"Mình là khách quen của FPT rồi, thấy an tâm mua laptop mới tặng con trai dịp sinh nhật. Chất lượng vẫn không làm mình thất vọng.",,0,,FPTShop
Bùi Thị Hoa_183795,FPTShop,00924297,Bùi Thị Hoa,5.0,"Con máy này xứng đáng để đầu tư, chất lượng tốt, giá cả hợp lý. Mình khuyên ai cần mua thì nên chốt đơn ngay nhé.",,0,,FPTShop
Huỳnh Minh Nhật_183383,FPTShop,00924297,Huỳnh Minh Nhật,5.0,"Mua đúng đợt sale nên giá hời quá, được nhiều khuyến mãi thêm nữa. Chỉ tiếc pin hơi ngắn nhưng hiệu năng ổn định bù lại vẫn đáng đồng tiền bỏ ra.",,0,,FPTShop
Đỗ Hoàng Kim_182908,FPTShop,00924297,Đỗ Hoàng Kim,4.0,"Giao hàng nhanh chóng, đóng gói cẩn thận. Nhân viên shop nhiệt tình tư vấn, hướng dẫn sử dụng chi tiết.",,0,,FPTShop
Ngô Thị Trang_185322,FPTShop,00923480,Ngô Thị Trang,4.0,"Mình trước đã từng mua laptop của FPT rồi nên quen lắm. Lần này tặng con em cái này, thấy yên tâm về chất lượng và dịch vụ của shop quá.",,0,,FPTShop
Hoàng Minh Nhật_184705,FPTShop,00923480,Hoàng Minh Nhật,5.0,"Nhân viên FPT tư vấn nhiệt tình lắm, đóng gói máy cẩn thận kỹ càng. Nhận hàng nhanh chóng trong ngày hôm sau, phục vụ tốt quá.",,0,,FPTShop
Tạ Thanh Nhàn_184704,FPTShop,00923480,Tạ Thanh Nhàn,5.0,"Săn đợt giảm giá này mà đúng hời luôn, được giảm cả triệu kèm quà khủng nữa. Giá thành rất là hợp lý so với cấu hình thế này.",,0,,FPTShop
Đỗ Trọng Nghĩa_183445,FPTShop,00923480,Đỗ Trọng Nghĩa,5.0,"Con laptop này xứng đáng với số tiền bỏ ra, chất lượng cao cấp mà giá lại mềm. Mọi người nên cân nhắc mua ngay nhé.",,0,,FPTShop
Đinh Thị Lan_183444,FPTShop,00923480,Đinh Thị Lan,5.0,"E này chạy mượt mà cực kỳ, mở mấy app nặng cũng không giật lag. Pin thì trâu bò, chơi game cả buổi chỉ cần sạc lúc tối.",,0,,FPTShop
Lê Anh Quân_144703,FPTShop,00920700,Lê Anh Quân,5.0,DAKLAK giao hàng hơi chậm nhưng chất lượng phục vụ quá tốt nên tôi chấp nhận,,0,,FPTShop
Y Phúc Ksor_143970,FPTShop,00920700,Y Phúc Ksor,5.0,Sản phẩm giá mềm mà chất lượng không hề mềm nhé,,0,,FPTShop
H'Yên Êđê_142266,FPTShop,00920700,H'Yên Êđê,5.0,"Giao nhanh, Hải phòng sau 1 đêm có luôn quá kenggg",,0,,FPTShop
Huỳnh Văn Toàn_141747,FPTShop,00920700,Huỳnh Văn Toàn,5.0,"Nhân viên tư vấn nhiệt tình, bộ phận cskh cũng không kém nói chung là chất lượng tốt",,0,,FPTShop
Đặng Mỹ Dung_141659,FPTShop,00920700,Đặng Mỹ Dung,5.0,"Mình mở Visual Studio, Docker, Chrome, vài tab đều ổn, máy không lag. Nhưng Ultra 5-225U không phải chip mạnh mẽ như chip H, nếu làm những tác vụ nặng dài hơi như render 4K thì máy bắt đầu chật vật",,0,,FPTShop
Đặng Văn Phúc_141333,FPTShop,00920700,Đặng Văn Phúc,5.0,"Giao nhanh, Hải phòng sau 1 đêm có luôn quá kenggg",,0,,FPTShop
Nguyễn Hải Yến_184688,FPTShop,00923424,Nguyễn Hải Yến,5.0,"Con laptop này chạy cực nhanh, mở nhiều app cùng lúc không giật lag gì cả. Pin cũng khỏe, đi làm cả ngày chỉ cần sạc buổi tối thôi.",,0,,FPTShop
Bùi Thị Mơ_184687,FPTShop,00923424,Bùi Thị Mơ,5.0,"Mình trước mua Dell ở đây rồi thấy ok quá, đợt này tặng bố e con máy này, vẫn tin tưởng FPT như cũ.",,0,,FPTShop
Đỗ Quốc Hùng_183753,FPTShop,00923424,Đỗ Quốc Hùng,4.0,"E này đáng tiền thật, màn hình lớn nhìn đã mắt, cấu hình mạnh làm việc mượt mà. Mình rất hài lòng và khuyên các bạn nên mua.",,0,,FPTShop
Trịnh Văn Dũng_183547,FPTShop,00923424,Trịnh Văn Dũng,5.0,"Giao hàng nhanh gọn, đóng gói chắc chắn. Nhân viên tư vấn nhiệt tình, hỗ trợ mình hết lòng trong suốt quá trình mua máy.",,0,,FPTShop
Vũ Thị Bích_182754,FPTShop,00923424,Vũ Thị Bích,5.0,May mắn mua đúng đợt sale nên hời lắm các bạn ạ. Giá quá tốt so với chất lượng mà shop đang có.,,0,,FPTShop
Bùi Hồng Phát_144956,FPTShop,00919956,Bùi Hồng Phát,5.0,"Màn WUXGA hiển thị tốt, chữ rõ ràng. Giao luôn trong ngày tôi nhận mê luôn từ lúc mở",,0,,FPTShop
Bùi Thanh Vy_144643,FPTShop,00919956,Bùi Thanh Vy,5.0,"Chip Snapdragon chạy mát, pin trâu hơn dòng Intel.",,0,,FPTShop
Hoàng Gia Hân_141857,FPTShop,00919956,Hoàng Gia Hân,5.0,Lựa chọn lý tưởng cho ai ưu tiên pin và sự yên tĩnh.,,0,,FPTShop
Dương Thúy Vy_141585,FPTShop,00919956,Dương Thúy Vy,4.0,"Nhân viên giao hàng quá nhanh, còn tư vấn nhiệt tình các chính sách bảo hành",,0,,FPTShop
Trịnh Khánh Linh_141475,FPTShop,00919956,Trịnh Khánh Linh,5.0,"Tôi dùng được 1 thời gian thấy máy chạy rất ổn định và bền bỉ, thiết kế cũng chắc chắn nữa",,0,,FPTShop
ĐINH VŨ ĐẠT_135311,FPTShop,00919956,ĐINH VŨ ĐẠT,5.0,Rất tốt\n,,1,,FPTShop
Trịnh Bích Ngọc_145057,FPTShop,00920306,Trịnh Bích Ngọc,5.0,"Ổn trong cả công việc lẫn giải trí. Mình vừa code vừa chơi game, máy xử lý nhanh, không bị đứng. Một lựa chọn cân bằng.",,0,,FPTShop
Ngô Ngọc Yến_142898,FPTShop,00920306,Ngô Ngọc Yến,5.0,"Máy đẹp, build chắc chắn. Bàn phím có LED RGB nhìn nổi bật. Pin tạm ổn cho tác vụ văn phòng, còn chơi game thì nên cắm sạc.",,0,,FPTShop
Đặng Thị Thuỷ_142671,FPTShop,00920306,Đặng Thị Thuỷ,5.0,"Core 7 240H + RTX 5050 cân tốt các game AAA ở high setting. Máy mát, quạt ồn vừa phải. Với giá này thì quá hợp lý cho game thủ bán chuyên.",,0,,FPTShop
Ngô Thanh Tú_141830,FPTShop,00920306,Ngô Thanh Tú,5.0,"Máy gõ phím khá êm, hành trình vừa phải. Mình dùng học tập và thỉnh thoảng chơi game, hoàn toàn hài lòng.",,0,,FPTShop
Vũ Mai Hương_141735,FPTShop,00920306,Vũ Mai Hương,5.0,"Dùng học đồ họa 2D, chỉnh ảnh, dựng clip ngắn rất ổn. Máy mạnh, màn WUXGA hiển thị rõ nét, màu sắc đẹp.",,0,,FPTShop
Phạm Bảo Trân_144441,FPTShop,00918614,Phạm Bảo Trân,5.0,"Mình dùng Vivobook 15 cho học tập và văn phòng, chạy nhiều tab Chrome, Word và Zoom vẫn mượt. CPU Core i5-120U và RAM 16GB xử lý đa nhiệm tốt. Màn hình 15.6” FHD hiển thị rõ nét, màu sắc hài hòa, pin dùng cả ngày ổn.",,0,,FPTShop
Lý Mỹ Ngọc_144004,FPTShop,00918614,Lý Mỹ Ngọc,5.0,"Vivobook 15 mở ứng dụng nhanh, đa nhiệm mượt. Màn hình FHD hiển thị sắc nét, góc nhìn tốt. Máy chạy êm, không nóng khi làm việc liên tục, pin đủ dùng cả ngày.",,0,,FPTShop
Vương Thúy Nga_143007,FPTShop,00918614,Vương Thúy Nga,5.0,"Máy mạnh, cân tốt Photoshop, Excel và mở nhiều tab Chrome. SSD 512GB tốc độ cao, RAM 16GB đa nhiệm mượt. Màn hình FHD 15.6” hiển thị rõ nét, góc nhìn rộng.",,0,,FPTShop
Hồ Quốc Cường_141838,FPTShop,00918614,Hồ Quốc Cường,5.0,"Máy dùng tốt cho học tập và giải trí. Màn hình FHD sáng, màu sắc trung thực. SSD 512GB mở ứng dụng nhanh, RAM 16GB đa nhiệm mượt.",,0,,FPTShop
Nguyễn Nhật Hào_141737,FPTShop,00918614,Nguyễn Nhật Hào,5.0,"Thiết kế hiện đại, màu sắc đẹp. CPU i5-120U và RAM 16GB đủ mạnh cho học tập và làm việc văn phòng. Pin hơi hạn chế nếu dùng nhiều tác vụ nặng nhưng văn phòng và học online đều ổn.",,0,,FPTShop
Vũ Thị Thanh Tâm_142899,FPTShop,00918027,Vũ Thị Thanh Tâm,5.0,"Cổng kết nối khá đầy đủ cho máy mỏng: USB-C, USB-A, HDMI. Mình có thể kết nối màn hình ngoài, ổ cứng gắn ngoài mà không phải mang theo dongle. WiFi và Bluetooth kết nối ổn, ít bị giật khi dùng mạng mạnh.",,0,,FPTShop
Nguyễn Hương Giang_141886,FPTShop,00918027,Nguyễn Hương Giang,5.0,"Pin thực tế dùng khoảng 5–6 tiếng với xử lý văn phòng + lướt web + xem video nhẹ. Mình nghĩ với trọng lượng và hiệu năng của nó, con số này là hợp lí. Cổng sạc USB-C cũng giúp tiện khi mang sạc chung cho các thiết bị khác.",,0,,FPTShop
Phan Đức Lương_141885,FPTShop,00918027,Phan Đức Lương,5.0,"Thiết kế nhỏ gọn, trọng lượng nhẹ, rất thuận tiện mang theo khi đi làm hoặc lớp học. Bàn phím gõ êm, cảm giác gõ ổn, touchpad phản hồi tốt. Nhưng loa ngoài hơi nhỏ, nếu muốn xem phim hay nghe nhạc thì mình vẫn dùng tai nghe.",,0,,FPTShop
Nguyễn Thị Khánh Linh_141884,FPTShop,00918027,Nguyễn Thị Khánh Linh,5.0,"Cài sẵn Windows 11 + Office HS24, mở máy lên là dùng ngay — mình không phải lo cài đặt bản quyền. Ultra 7-255H xử lý khá tốt các tác vụ văn phòng và học tập. SSD 512GB mở ứng dụng rất nhanh, không mất thời gian chờ.",,0,,FPTShop
Lý Thị Mai_141883,FPTShop,00918027,Lý Thị Mai,5.0,"Mình dùng chiếc S3407CA này vài tuần rồi — mở nhiều tab Chrome, Lightroom, Zoom cùng lúc mà máy vẫn mượt. Màn hình 14″ WUXGA hiển thị sắc nét, màu sắc ổn, góc nhìn tốt. Máy mát, rất ít khi nghe tiếng quạt. Pin đủ để làm việc nửa ngày nếu không chơi game nặng.",,0,,FPTShop
Trần Văn Sỹ_185344,FPTShop,00921928,Trần Văn Sỹ,5.0,"Con máy này đáng đồng tiền bát gạo, chất lượng tốt mà giá cả hợp lý nữa. Mình rất hài lòng và khuyên mọi người nên mua.",,0,,FPTShop
Huỳnh Văn Hiếu_184933,FPTShop,00921928,Huỳnh Văn Hiếu,5.0,"Con máy chạy mượt mà quá trời luôn, pin thì trâu bò, đi làm cả ngày không lo hết. Rất hài lòng với hiệu năng này.",,0,,FPTShop
Huỳnh Anh Thư_183858,FPTShop,00921928,Huỳnh Anh Thư,4.0,"Mình đã mua con Dell cũ ở đây rồi, lần này thấy có khuyến mãi nên quay lại mua tiếp. Rất yên tâm khi mua hàng tại FPT Shop.",,0,,FPTShop
Lê Văn Thắng_183672,FPTShop,00921928,Lê Văn Thắng,4.0,"Giao hàng nhanh gọn lẹ, đóng gói cẩn thận lắm. Nhân viên shop nhiệt tình tư vấn cho mình nữa chứ.",,0,,FPTShop
Trần Gia Hân_183269,FPTShop,00921928,Trần Gia Hân,5.0,"E này thiết kế đẹp lắm mọi người ơi, nhìn sang trọng mà cầm chắc tay nữa. Màn hình lớn vừa phải, dùng rất đã.",,0,,FPTShop
Đặng Thị Phượng_183788,FPTShop,00923809,Đặng Thị Phượng,4.0,"Thiết kế đẹp mắt sang trọng, cầm chắc tay lắm. Màn hình sắc nét nhìn thích lắm luôn.",,0,,FPTShop
Đặng Thiên Long_183686,FPTShop,00923809,Đặng Thiên Long,5.0,"Con máy này đáng tiền thật, mượt mà ổn định. Bác nào cần làm việc chuyên nghiệp thì nên mua ngay.",,0,,FPTShop
Mai Thị Thu_183480,FPTShop,00923809,Mai Thị Thu,5.0,"E này chạy mượt mà không giật lag gì cả, mở nhiều app cũng nhanh gọn. Pin dùng cả ngày không cần sạc nữa.",,0,,FPTShop
Trần Minh Huy_183479,FPTShop,00923809,Trần Minh Huy,4.0,"Đợt này sale giảm giá hời lắm, chất lượng vẫn đỉnh như cũ. Chỉ tiếc pin hơi mau hết chút nhưng hiệu năng bù lại xứng đáng.",,0,,FPTShop
Đặng Văn Phúc_183280,FPTShop,00923809,Đặng Văn Phúc,5.0,"Shop FPT giao hàng nhanh quá, đóng gói kỹ càng cẩn thận. Nhân viên tư vấn nhiệt tình dễ thương.",,0,,FPTShop
Võ Văn Tú_185252,FPTShop,00925199,Võ Văn Tú,5.0,"Nhìn chung là máy đáng tiền, chất lượng tốt, cấu hình mạnh mà giá hợp lý. Mọi người nên cân nhắc mua nhé.",,0,,FPTShop
Bùi Tấn Phát_185064,FPTShop,00925199,Bùi Tấn Phát,5.0,"Nhìn chung là máy đáng tiền, chất lượng tốt, cấu hình mạnh mà giá hợp lý. Mọi người nên cân nhắc mua nhé.",,0,,FPTShop
Trịnh Quang Khải_185063,FPTShop,00925199,Trịnh Quang Khải,5.0,Săn sale đợt này đúng lúc giảm mạnh nên mình chốt đơn luôn. Máy cấu hình cao mà giá lại rẻ hơn so với dự kiến. Chỉ tiếc là pin hơi hao nhưng bù lại hiệu năng quá ổn.,,0,,FPTShop
Lê Thị Lan Hương_185062,FPTShop,00925199,Lê Thị Lan Hương,5.0,"Mình trước mua Dell ở đây con khác thấy ổn nên lần này tặng em này cho sếp. Đúng là chất lượng không phải nói, dùng đã lắm.",,0,,FPTShop
Phạm Thị Thủy_183499,FPTShop,00925199,Phạm Thị Thủy,4.0,"Con Dell 15 này dùng mượt mà, chạy đa nhiệm không lo bị lag hay giật. Pin cũng khá trâu, đi làm cả ngày vẫn đủ dùng.",,0,,FPTShop
Ngô Thị Trang_182951,FPTShop,00925199,Ngô Thị Trang,5.0,"Mình rất ưng thiết kế của em nó, màn hình lớn nhìn đã mắt còn viền siêu mỏng thì sang chảnh luôn. Cầm chắc tay lắm.",,0,,FPTShop
Bùi Văn Thành_185327,FPTShop,00923734,Bùi Văn Thành,4.0,"Shop giao hàng nhanh lắm, đóng gói kỹ cẩn thận. Nhân viên tư vấn nhiệt tình nữa chứ.",,0,,FPTShop
Trịnh Thị Phương_183354,FPTShop,00923734,Trịnh Thị Phương,4.0,"E này đáng tiền thật, mua về là mê luôn. Nên mua ngay nhé mọi người.",,0,,FPTShop
Lý Thị Linh_183246,FPTShop,00923734,Lý Thị Linh,5.0,"Mình may quá mua đúng đợt sale, giá rẻ hơn hẳn so với các cửa hàng khác. Quá hời luôn ấy.",,0,,FPTShop
Tạ Thị Bình_183106,FPTShop,00923734,Tạ Thị Bình,5.0,"Thiết kế sang chảnh lắm, đen bóng nhìn cực chất. Cầm chắc tay nữa chứ không bị trơn như mấy con máy khác.",,0,,FPTShop
Trần Văn Hùng_182769,FPTShop,00923734,Trần Văn Hùng,4.0,"Con này chạy mượt mà, pin lâu cũng ngon. Chơi game hay làm đồ họa đều rất ổn áp.",,0,,FPTShop
Ngô Thị Duyên_184726,FPTShop,00923716,Ngô Thị Duyên,5.0,"Chip AMD Ryzen 5 mạnh mẽ lắm, chạy mượt mà không giật lag. Pin trâu, dùng cả ngày làm việc vẫn còn hơn phân nữa pin đấy.",,0,,FPTShop
Đỗ Ngọc Yến_184725,FPTShop,00923716,Đỗ Ngọc Yến,5.0,"Thiết kế đẹp mắt, màu bạc sang trọng mà cầm chắc tay. Màn hình lớn và sắc nét, nhìn rất đã mắt luôn ấy.",,0,,FPTShop
Mai Thị Thảo_184724,FPTShop,00923716,Mai Thị Thảo,4.0,"Mình trước mua laptop HP khác ở FPT rồi giờ quay lại mua tặng em, thấy shop vẫn nhiệt tình như xưa. Con máy này đẹp và sang trọng lắm.",,0,,FPTShop
Võ Ngọc Bích_183839,FPTShop,00923716,Võ Ngọc Bích,5.0,"Mua đúng đợt giảm giá, lại còn được khuyến mãi nhiều thứ nữa. Giá cả hợp lý so với cấu hình và chất lượng sản phẩm.",,0,,FPTShop
Đinh Minh Quân_183551,FPTShop,00923716,Đinh Minh Quân,5.0,"Đặt hàng tối qua sáng nay đã nhận được, đóng gói cẩn thận quá. Nhân viên giao hàng thân thiện, hướng dẫn mình dùng luôn vài tính năng cơ bản của e này.",,0,,FPTShop
Trần Văn Bình_185178,FPTShop,00923921,Trần Văn Bình,5.0,"Thiết kế đẹp mắt quá trời, màu xám thời thượng mà cầm chắc tay nữa. Sang chảnh hẳn lên khi mang đi làm hay học hành.",,0,,FPTShop
Phan Hoàng Long_184973,FPTShop,00923921,Phan Hoàng Long,5.0,"Từ hồi mua laptop cũ ở FPT rồi thấy shop uy tín nên lần này mình cũng quay lại. Mua tặng con em, nó thích lắm luôn.",,0,,FPTShop
Lý Thị Mỹ Dung_182894,FPTShop,00923921,Lý Thị Mỹ Dung,5.0,"Mua đúng đợt giảm giá hời quá, được giảm tận 1,8 củ mà chất lượng vẫn đỉnh của chóp. Chỉ tiếc pin hơi ngắn so với mong đợi thôi, nhưng hiệu năng bù lại thì ngon lành.",,0,,FPTShop
Mai Ngọc Yến_182893,FPTShop,00923921,Mai Ngọc Yến,5.0,"Đơn hàng giao nhanh lẹ, đóng gói kỹ càng. Nhân viên FPT nhiệt tình tư vấn lắm, cảm phục luôn.",,0,,FPTShop
Bùi Thị Mơ_182892,FPTShop,00923921,Bùi Thị Mơ,5.0,"Con máy mượt mà quá, mở nhiều tab web không thấy lag tẹo nào. Pin cũng trâu, đi làm cả ngày chỉ cần sạc buổi tối là đủ. Rất hài lòng.",,0,,FPTShop
anh phương_192459,FPTShop,00921930,anh phương,5.0,tốt,,0,,FPTShop
Dương Văn Hùng_184938,FPTShop,00921930,Dương Văn Hùng,5.0,"Shop giao hàng nhanh chóng, đóng gói kỹ càng. Nhân viên tư vấn nhiệt tình lắm.",,0,,FPTShop
Nguyễn Phương Thảo_183860,FPTShop,00921930,Nguyễn Phương Thảo,5.0,"Con máy đáng tiền, cấu hình mạnh mà giá ổn. Mình nghĩ mọi người nên mua nhé.",,0,,FPTShop
Trần Văn Sỹ_183859,FPTShop,00921930,Trần Văn Sỹ,5.0,"Con máy chạy rất mượt mà, mở nhiều app cùng lúc vẫn êm ru. Pin trâu, dùng cả ngày không lo hết pin.",,0,,FPTShop
Bùi Thị Thắm_182990,FPTShop,00921930,Bùi Thị Thắm,5.0,"Mình trước đã mua laptop ở đây rồi nên quen mặt. Lần này tặng em này cho con trai, yên tâm về chất lượng shop FPT.",,0,,FPTShop
Đinh Quang Khải_182837,FPTShop,00921930,Đinh Quang Khải,4.0,"E này đẹp phết, vỏ màu bạc sang trọng, cầm chắc tay lắm. Màn hình viền siêu mỏng nhìn đã mắt.",,0,,FPTShop
Đinh Thanh Mai_183849,FPTShop,00922903,Đinh Thanh Mai,5.0,"Mình là khách quen của FPT rồi nên khi ra mẫu mới này mình lại mua tiếp, chất lượng và dịch vụ tốt quá đi.",,0,,FPTShop
Phan Thị Hạnh_183848,FPTShop,00922903,Phan Thị Hạnh,5.0,"Con máy này đẹp mê hồn luôn nha, cầm chắc tay lại mỏng nhẹ nữa, nhìn sang chảnh lắm.",,0,,FPTShop
Lê Văn Tâm_183772,FPTShop,00922903,Lê Văn Tâm,5.0,"Mình dùng con này thấy rất mượt mà, mở nhiều ứng dụng vẫn không giật lag, pin thì trụ được cả ngày làm việc đấy.",,0,,FPTShop
Lý Thị Thuỷ Tiên_183456,FPTShop,00922903,Lý Thị Thuỷ Tiên,5.0,"Shop FPT giao hàng nhanh chóng, đóng gói cẩn thận, nhân viên tư vấn nhiệt tình lắm luôn.",,0,,FPTShop
Phan Minh Khoa_183070,FPTShop,00922903,Phan Minh Khoa,5.0,"Đáng đồng tiền bỏ ra thật sự, con máy này xứng đáng để đầu tư cho công việc và giải trí hàng ngày.",,0,,FPTShop
Võ Phương Linh_184679,FPTShop,00923225,Võ Phương Linh,5.0,"Mình trước có mua laptop FPT rồi nên tin tưởng quay lại. Lần này mua tặng bạn thân, con máy đẹp mê hồn, chơi game phê cực luôn.",,0,,FPTShop
Nguyễn Thị Huyền_184678,FPTShop,00923225,Nguyễn Thị Huyền,5.0,"Mua đúng đợt sale hời quá, giảm gần 3 triệu. Giá này quá đã cho con laptop khủng như vầy.",,0,,FPTShop
Phan Thanh Sơn_184677,FPTShop,00923225,Phan Thanh Sơn,5.0,"E này xài phê luôn, mạnh mẽ, mượt mà. Đáng tiền thật sự, mọi người nên cân nhắc nhé.",,0,,FPTShop
Dương Văn Tuấn_183442,FPTShop,00923225,Dương Văn Tuấn,4.0,"Con máy chạy cực mượt, mở nhiều tab cùng lúc vẫn không giật lag. Pin cũng trâu lắm, xài cả ngày không cần sạc.",,0,,FPTShop
Mai Văn Sơn_183105,FPTShop,00923225,Mai Văn Sơn,4.0,"Shop giao hàng nhanh gọn, đóng gói cẩn thận. Nhân viên tư vấn nhiệt tình, hỗ trợ mình chu đáo từ A đến Z.",,0,,FPTShop
Trần Anh Dũng_145777,FPTShop,00920324,Trần Anh Dũng,5.0,"Mình mua vào đợt sale đó giảm gần 1tr5 so với giá niêm yết, khá hời chả khác gì được shop cho tiền để mua thêm được cả phím cả chuột rời, mà lap có kèm theo túi nên cũng khá yên tâm, vì sản phẩm khung nhôm màu bạc sợ dễ bị xước và lộ vết xước",,0,,FPTShop
Giàng A Dế_144662,FPTShop,00920324,Giàng A Dế,5.0,"Giá được shop sale khá mềm so với chất lượng máy, mình săn sale đâu đó tầm 13tr5 mà báo hành máy tận 2 năm, lỗi 1 đổi 1 trong vòng 30 ngày, thực sự là chất lượng dịch vụ quá tốt , lại còn hỗ trợ setup máy giúp mình nữa chứ 10 đ ạ",,0,,FPTShop
Trịnh Văn Dũng_143334,FPTShop,00920324,Trịnh Văn Dũng,5.0,"Màn hình 14 inch FHD chống chói rất hữu ích khi mình dùng ở nơi có ánh sáng mạnh, như cửa sổ hướng sáng. Tông màu bạc xám sáng nhẹ, máy nhìn sạch sẽ, không bị lỗi mốt.",,0,,FPTShop
Hồ Minh Hiếu_142550,FPTShop,00920324,Hồ Minh Hiếu,4.0,"Mình mua hàng tại store tại quê, mình có việc đột xuất cần mua gấp để lên lại trường, ra shop sát giờ đóng cửa mà nhân viên vận rất nhiệt tình ở lại tư vấn cho mình các chính sách, ưu đãi dù qua giờ mở cửa, quá ư là nhiệt tình rồi shop ạ T.T",,0,,FPTShop
Lê Thanh Tùng_142549,FPTShop,00920324,Lê Thanh Tùng,5.0,"Bàn phím có nền trắng, không sặc sỡ nhưng nhìn chuyên nghiệp, đánh văn bản lâu cũng dễ chịu. Phím Copilot tiện khi cần truy cập nhanh tính năng hỗ trợ.”",,0,,FPTShop
Nhật_136406,FPTShop,00920324,Nhật,,"Giá bình dân dùng ổn nha. Âm thanh khi nghe nhạc khá trong, không bị rè ah",,0,,FPTShop
Lý Thiên An_184988,FPTShop,00924474,Lý Thiên An,5.0,"Mình trước dùng con khác ở đây thấy ok, lần này mua tặng người thân cũng yên tâm.",,0,,FPTShop
Vũ Vân Anh_183797,FPTShop,00924474,Vũ Vân Anh,4.0,Mua đúng đợt sale nên giá hời lắm. Chỉ hơi tiếc là màn hình sáng tối bớt nhạy tí nhưng mà vẫn đáng tiền.,,0,,FPTShop
Lý Thị Diệp_183288,FPTShop,00924474,Lý Thị Diệp,5.0,"E này nhìn sang trọng quá, cấu hình ổn, đáng tiền nên mua lun.",,0,,FPTShop
Huỳnh Thị Lam_182997,FPTShop,00924474,Huỳnh Thị Lam,4.0,"Shop giao nhanh, đóng gói kỹ lắm. Nhân viên nhiệt tình tư vấn luôn.",,0,,FPTShop
Ngô Minh Quân_182916,FPTShop,00924474,Ngô Minh Quân,5.0,"Con máy chạy cực mượt, mở nhiều app vẫn ngon lành, pin trâu nữa chứ.",,0,,FPTShop
Nguyễn Thị Lan Anh_185277,FPTShop,00920692,Nguyễn Thị Lan Anh,5.0,"Trong phân khúc phổ thông thì đây là lựa chọn tối ưu vì máy chạy rất ổn định, không hề có hiện tượng lag khi lướt web hay dùng Office. Quy trình mua hàng tại hệ thống rất nhanh gọn, hỗ trợ thanh toán linh hoạt giúp mình dễ dàng sở hữu sản phẩm.",,0,,FPTShop
Phạm Thị Thu Hồng_184309,FPTShop,00920692,Phạm Thị Thu Hồng,5.0,"Màn hình Full HD hiển thị rõ nét, chống chói tốt giúp mình làm việc lâu không bị mỏi mắt. Bản lề mở được 180 độ rất tiện khi trao đổi công việc theo nhóm. Dịch vụ giao hàng nhanh chóng, đúng hẹn. Thái độ phục vụ của nhân viên từ tư vấn đến giao nhận đều rất lịch sự.",,0,,FPTShop
Hồ Thúy Vy_183627,FPTShop,00920692,Hồ Thúy Vy,5.0,"Asus Vivobook X1404VA là chiếc laptop văn phòng rất đáng mua trong tầm giá, chip i3 thế hệ 13 xử lý mượt mà mọi tác vụ học tập và làm việc cơ bản. Thiết kế máy trẻ trung, màu sắc nhã nhặn phù hợp với học sinh sinh viên. Nhân viên FPT Shop tư vấn mẫu này rất đúng nhu cầu và túi tiền của mình.",,0,,FPTShop
Võ Văn Kiên_183626,FPTShop,00920692,Võ Văn Kiên,5.0,"Bàn phím gõ êm, hành trình phím tốt giúp mình soạn thảo văn bản nhanh chóng. Máy có cảm biến vân tay mở khóa rất nhanh và bảo mật. Bạn nhân viên tại cửa hàng hỗ trợ mình dán màn hình và cài đặt các phần mềm cơ bản rất nhiệt tình, chu đáo.",,0,,FPTShop
Hoàng Văn Thi_182608,FPTShop,00920692,Hoàng Văn Thi,5.0,"Sản phẩm đúng như mô tả, độ hoàn thiện tốt và chắc chắn. Đội ngũ kỹ thuật viên dặn dò kỹ về chính sách bảo hành và cách sạc pin để bảo vệ máy tốt nhất. Cảm ơn shop vì dịch vụ chuyên nghiệp và sản phẩm chất lượng.",,0,,FPTShop
Đỗ Thị Diệp_185189,FPTShop,00924033,Đỗ Thị Diệp,5.0,"Thiết kế đẹp mắt, sang trọng với màu Urban Silver. Cầm chắc tay, gọn nhẹ dễ di chuyển. Tích cực recommend cho ai cần laptop bền bỉ.",,0,,FPTShop
Huỳnh Văn Hiếu_183790,FPTShop,00924033,Huỳnh Văn Hiếu,5.0,"Mua đúng đợt giảm giá hời, giá quá tốt so với chất lượng. Chỉ tiếc pin hơi mau hết nhưng hiệu năng thì ngon nghẻ nên vẫn đáng mua lắm.",,0,,FPTShop
Lý Thị Thu Trang_183283,FPTShop,00924033,Lý Thị Thu Trang,5.0,"Sử dụng rất mượt mà, mở nhiều app không giật lag. Thời lượng pin cũng khá lâu. Tóm lại là máy mạnh mẽ và tiện lợi cho công việc hàng ngày.",,0,,FPTShop
Hồ Văn Đông_183282,FPTShop,00924033,Hồ Văn Đông,4.0,"Con máy đáng đồng tiền bát gạo. Hiệu năng ổn định, phù hợp làm việc và học tập. Nên mua ngay nhé mọi người!",,0,,FPTShop
Đặng Văn Trung_183281,FPTShop,00924033,Đặng Văn Trung,5.0,"Giao hàng nhanh quá, đóng gói kỹ lưỡng. Nhân viên FPT nhiệt tình tư vấn, hướng dẫn sử dụng chi tiết. Rất hài lòng!",,0,,FPTShop
Đỗ Thị Thơ_184543,FPTShop,00922871,Đỗ Thị Thơ,5.0,"Mình may mắn mua đúng đợt khuyến mãi, giảm giá hời quá trời luôn. Giá tốt không chỗ nào bằng FPT Shop đâu mọi người ạ.",,0,,FPTShop
Nguyễn Hải Yến_183828,FPTShop,00922871,Nguyễn Hải Yến,5.0,"Shop giao hàng nhanh như gió, đóng gói cẩn thận lắm. Nhân viên tư vấn nhiệt tình, hỗ trợ mình hết sức.",,0,,FPTShop
Vũ Thị Hằng_183427,FPTShop,00922871,Vũ Thị Hằng,5.0,"E này chạy mượt mà, pin trâu kéo dài cả ngày làm việc mà không lo hết điện.",,0,,FPTShop
Lý Thị Thuỷ Tiên_183341,FPTShop,00922871,Lý Thị Thuỷ Tiên,5.0,"Con máy này đáng đồng tiền bát gạo, nên mua không phải hối hận đâu.",,0,,FPTShop
Lý Hương Giang_182698,FPTShop,00922871,Lý Hương Giang,5.0,"Con HP ProBook này đẹp mê ly mà, thiết kế mỏng manh nhưng chắc chắn lắm. Cầm trên tay rất đã.",,0,,FPTShop
Trần Thị Mai Chi_184096,FPTShop,00924151,Trần Thị Mai Chi,5.0,Mình trước mua laptop ở đây rồi thấy ok. Lần này tặng bố e này cũng yên tâm. Cấu hình mạnh mà giá hợp lý.,,1,,FPTShop
Hồ Hoàng Yến_183793,FPTShop,00924151,Hồ Hoàng Yến,5.0,"Sale đợt này hời quá, giảm gần triệu luôn. Chất lượng ổn nhưng hơi nặng tí. Giá như vậy vẫn đáng đầu tư.",,0,,FPTShop
Đinh Thị Hương_183080,FPTShop,00924151,Đinh Thị Hương,4.0,"E này cấu hình ổn, màn lớn nhìn đã mắt. Đáng tiền lắm mọi người ơi, nên mua ngay.",,0,,FPTShop
Đặng Thị Thảo_182902,FPTShop,00924151,Đặng Thị Thảo,5.0,"Con máy này chạy mượt mà, pin trâu lắm. Học online cả ngày không lo hết pin đâu các bác ơi.",,0,,FPTShop
Vũ Yến Nhi_182901,FPTShop,00924151,Vũ Yến Nhi,4.0,"Shop FPT giao hàng nhanh quá, đóng gói kỹ càng. Nhân viên nhiệt tình chỉ dẫn nữa, hài lòng lắm.",,0,,FPTShop
Dương Văn Tiến_184945,FPTShop,00922303,Dương Văn Tiến,5.0,"Đáng đồng tiền bát gạo thật đấy, máy đẹp, chạy êm, dùng ok nên giới thiệu ai cần mua luôn.",,0,,FPTShop
Đinh Văn Hải_184944,FPTShop,00922303,Đinh Văn Hải,4.0,"Thân máy mỏng nhẹ mà đẹp phết, màu xám nhìn sang trọng quá. Cầm chắc tay, thích ngắm và sờ nữa.",,0,,FPTShop
Đặng Văn Trung_183578,FPTShop,00922303,Đặng Văn Trung,5.0,"Giao hàng nhanh gọn, đóng gói cẩn thận, nhân viên shop nhiệt tình tư vấn cho mình.",,0,,FPTShop
Mai Văn Hà_183076,FPTShop,00922303,Mai Văn Hà,5.0,"Mình từng mua con laptop khác ở đây rồi nên biết chất lượng dịch vụ thế nào. Lần này tặng vợ, vẫn yên tâm chọn FPT Shop.",,0,,FPTShop
Lý Thị Diệu_182840,FPTShop,00922303,Lý Thị Diệu,5.0,"Con này chạy mượt mà, mở nhiều tab cùng lúc vẫn không lag gì cả. Pin cũng tốt, dùng cả ngày chỉ cần sạc buổi tối thôi.",,0,,FPTShop
